Index,Date,Month,Year,USD/BDT
0,4,1,2010,68.875
1,5,1,2010,68.875
2,6,1,2010,69.105
3,7,1,2010,69.105
4,8,1,2010,69.105
5,11,1,2010,69.105
6,12,1,2010,69.925
7,13,1,2010,69.105
8,14,1,2010,69.105
9,15,1,2010,69.105
10,18,1,2010,68.825
11,19,1,2010,69.075
12,20,1,2010,69.005
13,21,1,2010,68.845
14,22,1,2010,69.005
15,25,1,2010,69.005
16,26,1,2010,68.975
17,27,1,2010,69.225
18,28,1,2010,68.975
19,29,1,2010,68.975
20,1,2,2010,68.975
21,2,2,2010,68.975
22,3,2,2010,68.975
23,4,2,2010,69.025
24,5,2,2010,68.975
25,8,2,2010,68.975
26,9,2,2010,68.975
27,10,2,2010,69.125
28,11,2,2010,69.125
29,12,2,2010,69.125
30,15,2,2010,69.125
31,16,2,2010,69.125
32,17,2,2010,69.125
33,18,2,2010,69.125
34,19,2,2010,69.125
35,22,2,2010,69.125
36,23,2,2010,69.125
37,24,2,2010,69.125
38,25,2,2010,69.125
39,26,2,2010,69.125
40,1,3,2010,69.125
41,2,3,2010,69.325
42,3,3,2010,69.125
43,4,3,2010,69.125
44,5,3,2010,69.125
45,9,3,2010,69.125
46,10,3,2010,69.125
47,11,3,2010,69.125
48,12,3,2010,69.125
49,15,3,2010,69.125
50,16,3,2010,69.125
51,17,3,2010,69.125
52,18,3,2010,69.325
53,19,3,2010,69.125
54,23,3,2010,69.125
55,24,3,2010,69.125
56,25,3,2010,69.375
57,26,3,2010,69.325
58,29,3,2010,69.325
59,30,3,2010,69.325
60,31,3,2010,69.325
61,1,4,2010,69.325
62,2,4,2010,69.075
63,5,4,2010,68.875
64,6,4,2010,68.875
65,7,4,2010,69.075
66,8,4,2010,69.075
67,9,4,2010,69.075
68,13,4,2010,69.075
69,14,4,2010,69.075
70,15,4,2010,69.075
71,16,4,2010,69.075
72,20,4,2010,69.095
73,21,4,2010,69.095
74,22,4,2010,69.095
75,23,4,2010,69.095
76,26,4,2010,69.075
77,27,4,2010,69.075
78,28,4,2010,69.075
79,29,4,2010,69.375
80,30,4,2010,69.075
81,3,5,2010,69.075
82,4,5,2010,69.075
83,5,5,2010,69.075
84,6,5,2010,69.075
85,7,5,2010,69.075
86,10,5,2010,69.075
87,11,5,2010,69.075
88,13,5,2010,69.375
89,14,5,2010,69.375
90,17,5,2010,69.375
91,18,5,2010,69.375
92,19,5,2010,69.375
93,20,5,2010,69.375
94,21,5,2010,69.375
95,24,5,2010,69.425
96,25,5,2010,69.375
97,26,5,2010,69.475
98,27,5,2010,69.025
99,28,5,2010,69.025
100,31,5,2010,69.025
101,1,6,2010,69.025
102,2,6,2010,69.425
103,3,6,2010,69.395
104,4,6,2010,69.395
105,7,6,2010,69.405
106,8,6,2010,69.445
107,9,6,2010,69.425
108,10,6,2010,69.375
109,11,6,2010,69.375
110,15,6,2010,69.425
111,16,6,2010,69.375
112,17,6,2010,69.375
113,18,6,2010,69.375
114,21,6,2010,69.475
115,22,6,2010,69.505
116,23,6,2010,69.525
117,24,6,2010,69.375
118,25,6,2010,69.525
119,28,6,2010,69.375
120,29,6,2010,69.545
121,30,6,2010,69.625
122,1,7,2010,69.625
123,2,7,2010,69.375
124,5,7,2010,69.525
125,6,7,2010,69.545
126,7,7,2010,69.525
127,8,7,2010,69.525
128,9,7,2010,69.525
129,12,7,2010,69.525
130,13,7,2010,69.575
131,14,7,2010,69.575
132,15,7,2010,69.545
133,16,7,2010,69.525
134,19,7,2010,69.525
135,20,7,2010,69.525
136,21,7,2010,69.525
137,22,7,2010,69.525
138,23,7,2010,69.525
139,26,7,2010,69.525
140,27,7,2010,69.525
141,28,7,2010,69.525
142,29,7,2010,69.525
143,30,7,2010,69.525
144,2,8,2010,69.525
145,3,8,2010,69.525
146,4,8,2010,69.525
147,5,8,2010,69.525
148,6,8,2010,69.525
149,9,8,2010,69.525
150,12,8,2010,69.525
151,13,8,2010,69.525
152,16,8,2010,69.145
153,17,8,2010,69.525
154,18,8,2010,69.525
155,19,8,2010,69.525
156,20,8,2010,69.175
157,23,8,2010,69.625
158,24,8,2010,69.125
159,25,8,2010,69.675
160,26,8,2010,69.675
161,27,8,2010,69.675
162,1,9,2010,69.525
163,2,9,2010,69.225
164,3,9,2010,69.705
165,6,9,2010,69.525
166,7,9,2010,69.525
167,8,9,2010,69.525
168,9,9,2010,69.525
169,10,9,2010,69.175
170,14,9,2010,69.695
171,16,9,2010,69.695
172,17,9,2010,69.705
173,20,9,2010,69.705
174,21,9,2010,69.725
175,22,9,2010,69.775
176,23,9,2010,69.775
177,24,9,2010,69.525
178,27,9,2010,69.325
179,28,9,2010,69.525
180,29,9,2010,69.525
181,30,9,2010,69.345
182,1,10,2010,69.325
183,4,10,2010,69.325
184,5,10,2010,70.625
185,6,10,2010,70.425
186,7,10,2010,69.925
187,8,10,2010,69.925
188,11,10,2010,69.925
189,12,10,2010,70.375
190,13,10,2010,70.225
191,14,10,2010,70.225
192,15,10,2010,70.225
193,18,10,2010,70.225
194,19,10,2010,70.225
195,20,10,2010,70.225
196,22,10,2010,69.975
197,25,10,2010,69.975
198,26,10,2010,69.975
199,27,10,2010,70.925
200,28,10,2010,70.675
201,29,10,2010,70.825
202,1,11,2010,70.825
203,2,11,2010,70.725
204,3,11,2010,70.645
205,4,11,2010,70.725
206,5,11,2010,70.525
207,8,11,2010,70.455
208,9,11,2010,70.525
209,10,11,2010,70.525
210,11,11,2010,70.525
211,12,11,2010,70.525
212,15,11,2010,70.425
213,16,11,2010,70.425
214,17,11,2010,70.425
215,18,11,2010,70.425
216,19,11,2010,70.425
217,22,11,2010,70.425
218,23,11,2010,70.445
219,24,11,2010,70.475
220,25,11,2010,70.475
221,26,11,2010,70.425
222,29,11,2010,70.425
223,30,11,2010,70.475
224,1,12,2010,70.475
225,2,12,2010,70.475
226,3,12,2010,70.575
227,7,12,2010,70.675
228,8,12,2010,70.705
229,9,12,2010,70.705
230,10,12,2010,70.725
231,13,12,2010,70.745
232,14,12,2010,70.575
233,15,12,2010,70.575
234,16,12,2010,70.575
235,17,12,2010,70.575
236,20,12,2010,70.575
237,21,12,2010,70.775
238,22,12,2010,70.575
239,23,12,2010,70.575
240,24,12,2010,70.575
241,27,12,2010,70.775
242,28,12,2010,70.775
243,29,12,2010,70.575
244,30,12,2010,70.575
245,31,12,2010,70.575
246,3,1,2011,70.575
247,4,1,2011,71.075
248,5,1,2011,71.075
249,6,1,2011,71.075
250,7,1,2011,71.025
251,10,1,2011,71.025
252,11,1,2011,71.025
253,12,1,2011,71.075
254,13,1,2011,71.075
255,14,1,2011,71.075
256,17,1,2011,71.075
257,18,1,2011,71.125
258,19,1,2011,71.185
259,20,1,2011,71.075
260,21,1,2011,71.075
261,24,1,2011,71.075
262,25,1,2011,71.075
263,26,1,2011,70.825
264,27,1,2011,70.825
265,28,1,2011,70.825
266,31,1,2011,70.725
267,1,2,2011,70.725
268,2,2,2011,71.075
269,3,2,2011,71.075
270,4,2,2011,71.225
271,7,2,2011,71.225
272,8,2,2011,71.225
273,9,2,2011,71.225
274,10,2,2011,71.075
275,11,2,2011,71.075
276,14,2,2011,71.125
277,15,2,2011,71.045
278,16,2,2011,71.045
279,17,2,2011,71.04245
280,18,2,2011,71.04245
281,21,2,2011,70.26995
282,22,2,2011,71.02745
283,23,2,2011,71.025
284,24,2,2011,71.04845
285,25,2,2011,71.05095
286,28,2,2011,70.98695
287,1,3,2011,71.025
288,2,3,2011,71.35745
289,3,3,2011,71.39445
290,4,3,2011,71.49995
291,7,3,2011,71.48745
292,8,3,2011,71.46645
293,9,3,2011,71.56345
294,10,3,2011,71.53595
295,11,3,2011,71.65295
296,14,3,2011,70.88795
297,15,3,2011,71.59295
298,16,3,2011,71.56345
299,17,3,2011,71.95695
300,18,3,2011,71.96495
301,21,3,2011,71.71595
302,22,3,2011,71.76745
303,23,3,2011,72.16645
304,24,3,2011,72.68395
305,25,3,2011,72.46645
306,28,3,2011,72.94395
307,29,3,2011,72.70745
308,30,3,2011,72.51495
309,31,3,2011,72.73795
310,1,4,2011,72.50545
311,4,4,2011,72.13695
312,5,4,2011,72.75995
313,6,4,2011,72.74895
314,7,4,2011,72.80495
315,8,4,2011,72.68145
316,11,4,2011,72.82695
317,12,4,2011,72.85795
318,13,4,2011,72.69195
319,14,4,2011,72.73495
320,15,4,2011,72.93445
321,18,4,2011,72.95345
322,19,4,2011,72.925
323,20,4,2011,72.85295
324,21,4,2011,72.83745
325,22,4,2011,72.90345
326,25,4,2011,73.15045
327,26,4,2011,73.15045
328,27,4,2011,72.945
329,28,4,2011,72.94995
330,29,4,2011,72.90645
331,2,5,2011,73.17295
332,3,5,2011,72.86995
333,4,5,2011,72.91295
334,5,5,2011,72.98245
335,6,5,2011,73.12945
336,9,5,2011,74.16045
337,10,5,2011,73.14495
338,11,5,2011,73.14745
339,12,5,2011,73.11995
340,13,5,2011,73.10295
341,16,5,2011,74.04295
342,17,5,2011,73.17995
343,18,5,2011,73.15195
344,19,5,2011,73.14995
345,20,5,2011,73.12495
346,23,5,2011,73.58645
347,24,5,2011,73.32295
348,25,5,2011,73.29195
349,26,5,2011,73.29095
350,27,5,2011,73.39045
351,30,5,2011,73.05645
352,31,5,2011,73.42295
353,1,6,2011,73.525
354,2,6,2011,73.54545
355,3,6,2011,73.60495
356,6,6,2011,72.86345
357,7,6,2011,73.65395
358,8,6,2011,73.80245
359,9,6,2011,73.77595
360,10,6,2011,73.82645
361,13,6,2011,74.33595
362,14,6,2011,73.91295
363,15,6,2011,73.92495
364,16,6,2011,73.87895
365,17,6,2011,73.86395
366,20,6,2011,73.78895
367,21,6,2011,73.93945
368,22,6,2011,74.00645
369,23,6,2011,74.00745
370,24,6,2011,73.85545
371,27,6,2011,73.98045
372,28,6,2011,73.78245
373,29,6,2011,74.09545
374,30,6,2011,74.05545
375,1,7,2011,73.90795
376,4,7,2011,74.04795
377,5,7,2011,74.22445
378,6,7,2011,74.26745
379,7,7,2011,74.28095
380,8,7,2011,74.31845
381,11,7,2011,74.34645
382,12,7,2011,74.40495
383,13,7,2011,74.39495
384,14,7,2011,74.51445
385,15,7,2011,74.51845
386,18,7,2011,74.625
387,19,7,2011,74.43245
388,20,7,2011,74.51245
389,21,7,2011,74.72145
390,22,7,2011,74.68945
391,25,7,2011,74.775
392,26,7,2011,74.775
393,27,7,2011,74.67745
394,28,7,2011,74.67045
395,29,7,2011,74.74545
396,1,8,2011,73.89845
397,2,8,2011,74.72795
398,3,8,2011,74.52595
399,4,8,2011,74.74445
400,5,8,2011,75.23945
401,8,8,2011,74.775
402,9,8,2011,74.74995
403,10,8,2011,74.72095
404,11,8,2011,74.73995
405,12,8,2011,74.79995
406,15,8,2011,74.75895
407,16,8,2011,74.03545
408,17,8,2011,74.64645
409,18,8,2011,74.61895
410,19,8,2011,74.62345
411,22,8,2011,74.15445
412,23,8,2011,74.60995
413,24,8,2011,74.24695
414,25,8,2011,73.66945
415,26,8,2011,73.50645
416,29,8,2011,73.19045
417,30,8,2011,73.85395
418,31,8,2011,73.85245
419,1,9,2011,73.63795
420,2,9,2011,73.67595
421,5,9,2011,73.89595
422,6,9,2011,73.66995
423,7,9,2011,74.13895
424,8,9,2011,74.03145
425,9,9,2011,74.10395
426,12,9,2011,74.69345
427,13,9,2011,74.36845
428,14,9,2011,74.675
429,15,9,2011,75.025
430,16,9,2011,75.025
431,19,9,2011,75.025
432,20,9,2011,75.205
433,21,9,2011,75.025
434,22,9,2011,75.125
435,26,9,2011,75.225
436,27,9,2011,75.255
437,28,9,2011,75.295
438,29,9,2011,75.295
439,3,10,2011,75.125
440,5,10,2011,75.505
441,6,10,2011,75.575
442,7,10,2011,75.575
443,10,10,2011,75.575
444,11,10,2011,75.575
445,12,10,2011,75.575
446,13,10,2011,75.65
447,14,10,2011,75.8
448,17,10,2011,75.78
449,18,10,2011,75.85
450,19,10,2011,75.96
451,20,10,2011,75.96
452,21,10,2011,76.05
453,24,10,2011,76.02
454,25,10,2011,75.88
455,26,10,2011,75.85
456,27,10,2011,75.85
457,28,10,2011,76.25
458,31,10,2011,75.85
459,1,11,2011,75.85
460,2,11,2011,76.35
461,3,11,2011,76.35
462,4,11,2011,76.36
463,7,11,2011,76.35
464,8,11,2011,76.35
465,9,11,2011,76.35
466,10,11,2011,76.45
467,11,11,2011,76.45
468,14,11,2011,76.45
469,15,11,2011,76.55
470,16,11,2011,76.56
471,17,11,2011,76.58
472,18,11,2011,76.68
473,21,11,2011,76.68
474,22,11,2011,76.68
475,23,11,2011,76.48
476,24,11,2011,76.73
477,25,11,2011,76.7
478,28,11,2011,76.675
479,29,11,2011,76.74
480,30,11,2011,76.8
481,1,12,2011,76.86
482,2,12,2011,76.935
483,5,12,2011,76.94
484,6,12,2011,77.13
485,7,12,2011,77.055
486,8,12,2011,77.05
487,9,12,2011,77.33
488,12,12,2011,77.05
489,13,12,2011,77.09
490,14,12,2011,77.11
491,15,12,2011,77.05
492,16,12,2011,77.05
493,19,12,2011,77.06
494,20,12,2011,80.8
495,21,12,2011,80.68
496,22,12,2011,80.84
497,23,12,2011,81.225
498,26,12,2011,81.225
499,27,12,2011,81.475
500,28,12,2011,81.075
501,29,12,2011,81.875
502,30,12,2011,81.83
503,2,1,2012,81.83
504,3,1,2012,81.995
505,4,1,2012,81.995
506,5,1,2012,82.025
507,6,1,2012,82.025
508,9,1,2012,82.025
509,10,1,2012,82.575
510,11,1,2012,82.84
511,12,1,2012,82.97
512,13,1,2012,83.24
513,16,1,2012,83.24
514,17,1,2012,83.675
515,18,1,2012,83.825
516,19,1,2012,83.825
517,20,1,2012,84.125
518,23,1,2012,83.78
519,24,1,2012,84.3
520,25,1,2012,84.395
521,26,1,2012,84.445
522,27,1,2012,84.5
523,30,1,2012,84.45
524,31,1,2012,84.53
525,1,2,2012,84.53
526,2,2,2012,84.465
527,3,2,2012,84.38
528,6,2,2012,84.38
529,7,2,2012,84.375
530,8,2,2012,84.225
531,9,2,2012,84.125
532,10,2,2012,83.83
533,13,2,2012,83.9
534,14,2,2012,83.775
535,15,2,2012,83.775
536,16,2,2012,83.45
537,17,2,2012,82.53
538,20,2,2012,82.7
539,21,2,2012,82.075
540,22,2,2012,82.35
541,23,2,2012,82.075
542,24,2,2012,81.9
543,27,2,2012,81.65
544,28,2,2012,81.725
545,29,2,2012,81.75
546,1,3,2012,81.95
547,2,3,2012,81.92
548,5,3,2012,81.65
549,6,3,2012,81.83
550,7,3,2012,81.7
551,8,3,2012,81.69
552,9,3,2012,81.8
553,12,3,2012,81.74
554,13,3,2012,82.0
555,14,3,2012,82.0
556,15,3,2012,81.775
557,16,3,2012,82.0
558,19,3,2012,81.775
559,20,3,2012,81.78
560,21,3,2012,82.0
561,22,3,2012,81.78
562,23,3,2012,81.78
563,26,3,2012,81.78
564,27,3,2012,81.78
565,28,3,2012,81.78
566,29,3,2012,81.79
567,30,3,2012,81.79
568,2,4,2012,81.79
569,3,4,2012,82.0
570,4,4,2012,82.0
571,5,4,2012,81.83
572,6,4,2012,81.9
573,9,4,2012,81.795
574,10,4,2012,82.0
575,11,4,2012,81.795
576,12,4,2012,81.95
577,13,4,2012,81.9
578,16,4,2012,81.795
579,17,4,2012,81.795
580,18,4,2012,81.795
581,19,4,2012,81.795
582,20,4,2012,81.795
583,23,4,2012,81.95
584,24,4,2012,81.825
585,25,4,2012,82.05
586,26,4,2012,81.9
587,27,4,2012,81.825
588,30,4,2012,81.825
589,1,5,2012,81.9
590,2,5,2012,81.9
591,3,5,2012,82.1
592,4,5,2012,71.95
593,7,5,2012,82.1
594,8,5,2012,81.95
595,9,5,2012,81.825
596,10,5,2012,81.98
597,11,5,2012,81.89
598,14,5,2012,81.835
599,15,5,2012,81.695
600,16,5,2012,81.775
601,17,5,2012,81.805
602,18,5,2012,81.805
603,21,5,2012,81.805
604,22,5,2012,81.825
605,23,5,2012,81.825
606,24,5,2012,81.775
607,25,5,2012,81.88
608,28,5,2012,81.88
609,29,5,2012,81.875
610,30,5,2012,81.99
611,31,5,2012,81.88
612,1,6,2012,81.99
613,4,6,2012,81.875
614,5,6,2012,81.84
615,6,6,2012,81.755
616,7,6,2012,82.1
617,8,6,2012,82.15
618,11,6,2012,81.93
619,12,6,2012,81.95
620,13,6,2012,82.0
621,14,6,2012,81.94
622,15,6,2012,82.05
623,18,6,2012,82.05
624,19,6,2012,81.95
625,20,6,2012,81.84
626,21,6,2012,81.83
627,22,6,2012,81.98
628,25,6,2012,82.05
629,26,6,2012,81.83
630,27,6,2012,81.88
631,28,6,2012,81.8
632,29,6,2012,82.0
633,2,7,2012,81.85
634,3,7,2012,81.85
635,4,7,2012,81.92
636,5,7,2012,81.85
637,6,7,2012,81.85
638,9,7,2012,81.85
639,10,7,2012,81.83
640,11,7,2012,81.94
641,12,7,2012,81.89
642,13,7,2012,81.93
643,16,7,2012,81.805
644,17,7,2012,82.05
645,18,7,2012,81.8
646,19,7,2012,81.77
647,20,7,2012,81.765
648,23,7,2012,81.765
649,24,7,2012,81.8
650,25,7,2012,81.8
651,26,7,2012,81.71
652,27,7,2012,81.88
653,30,7,2012,81.725
654,31,7,2012,81.7
655,1,8,2012,81.695
656,2,8,2012,81.62
657,3,8,2012,81.775
658,6,8,2012,81.6
659,7,8,2012,81.515
660,8,8,2012,81.45
661,9,8,2012,81.515
662,10,8,2012,81.52
663,13,8,2012,81.52
664,14,8,2012,81.52
665,15,8,2012,81.52
666,16,8,2012,81.515
667,17,8,2012,81.515
668,20,8,2012,81.53
669,21,8,2012,81.53
670,22,8,2012,81.53
671,23,8,2012,81.53
672,24,8,2012,81.39
673,27,8,2012,81.38
674,28,8,2012,81.39
675,29,8,2012,81.38
676,30,8,2012,81.39
677,31,8,2012,81.71
678,3,9,2012,81.72
679,4,9,2012,81.71
680,5,9,2012,81.74
681,6,9,2012,81.74
682,7,9,2012,81.775
683,10,9,2012,81.82
684,11,9,2012,81.78
685,12,9,2012,81.93
686,13,9,2012,81.93
687,14,9,2012,81.84
688,17,9,2012,81.85
689,18,9,2012,81.79
690,19,9,2012,81.73
691,20,9,2012,81.73
692,21,9,2012,81.83
693,24,9,2012,81.665
694,25,9,2012,81.61
695,26,9,2012,81.6
696,27,9,2012,81.66
697,28,9,2012,81.65
698,1,10,2012,81.64
699,2,10,2012,81.58
700,3,10,2012,81.59
701,4,10,2012,81.73
702,5,10,2012,81.53
703,8,10,2012,81.525
704,9,10,2012,81.35
705,10,10,2012,81.31
706,11,10,2012,81.33
707,12,10,2012,81.23
708,15,10,2012,81.26
709,16,10,2012,81.32
710,17,10,2012,81.28
711,18,10,2012,81.225
712,19,10,2012,81.28
713,22,10,2012,81.29
714,23,10,2012,81.275
715,24,10,2012,81.23
716,25,10,2012,81.24
717,26,10,2012,81.33
718,29,10,2012,81.33
719,30,10,2012,81.33
720,31,10,2012,81.33
721,1,11,2012,81.33
722,2,11,2012,81.02
723,5,11,2012,81.45
724,6,11,2012,81.51
725,7,11,2012,81.34
726,8,11,2012,81.36
727,9,11,2012,81.6
728,12,11,2012,81.39
729,13,11,2012,81.78
730,14,11,2012,81.78
731,15,11,2012,81.83
732,16,11,2012,81.83
733,19,11,2012,81.79
734,20,11,2012,81.43
735,21,11,2012,81.3
736,22,11,2012,81.23
737,23,11,2012,81.23
738,26,11,2012,81.15
739,27,11,2012,81.25
740,28,11,2012,81.26
741,29,11,2012,81.78
742,30,11,2012,81.31
743,3,12,2012,81.35
744,4,12,2012,81.4
745,5,12,2012,81.37
746,6,12,2012,81.25
747,7,12,2012,81.1
748,10,12,2012,81.125
749,11,12,2012,81.02
750,12,12,2012,81.02
751,13,12,2012,81.02
752,14,12,2012,81.02
753,17,12,2012,81.025
754,18,12,2012,80.53
755,19,12,2012,80.73
756,20,12,2012,80.35
757,21,12,2012,80.33
758,24,12,2012,80.19
759,25,12,2012,80.13
760,26,12,2012,80.0
761,27,12,2012,79.93
762,28,12,2012,79.68
763,31,12,2012,79.71
764,1,1,2013,79.68
765,2,1,2013,79.68
766,3,1,2013,79.85
767,4,1,2013,79.86
768,7,1,2013,79.83
769,8,1,2013,79.81
770,9,1,2013,79.78
771,10,1,2013,79.79
772,11,1,2013,79.79
773,14,1,2013,79.81
774,15,1,2013,79.81
775,16,1,2013,79.79
776,17,1,2013,79.81
777,18,1,2013,79.63
778,21,1,2013,79.6
779,22,1,2013,79.63
780,23,1,2013,79.67
781,24,1,2013,79.48
782,25,1,2013,79.54
783,28,1,2013,79.54
784,29,1,2013,79.6
785,30,1,2013,79.53
786,31,1,2013,79.48
787,1,2,2013,79.48
788,4,2,2013,78.6
789,5,2,2013,78.73
790,6,2,2013,78.85
791,7,2,2013,78.29
792,8,2,2013,78.28
793,11,2,2013,78.21
794,12,2,2013,78.32
795,13,2,2013,78.32
796,14,2,2013,79.13
797,15,2,2013,79.13
798,18,2,2013,79.13
799,19,2,2013,79.05
800,20,2,2013,79.05
801,21,2,2013,79.05
802,22,2,2013,79.06
803,25,2,2013,79.05
804,26,2,2013,79.02
805,27,2,2013,79.02
806,28,2,2013,78.86
807,1,3,2013,78.97
808,4,3,2013,78.85
809,5,3,2013,78.85
810,6,3,2013,78.91
811,7,3,2013,78.86
812,8,3,2013,78.73
813,11,3,2013,78.76
814,12,3,2013,78.79
815,13,3,2013,78.79
816,14,3,2013,78.72
817,15,3,2013,78.62
818,18,3,2013,78.67
819,19,3,2013,78.71
820,20,3,2013,78.59
821,21,3,2013,78.43
822,22,3,2013,78.4
823,25,3,2013,78.48
824,26,3,2013,78.395
825,27,3,2013,78.39
826,28,3,2013,78.35
827,29,3,2013,78.16
828,1,4,2013,78.15
829,2,4,2013,78.15
830,3,4,2013,78.18
831,4,4,2013,78.21
832,5,4,2013,78.18
833,8,4,2013,78.18
834,9,4,2013,78.18
835,10,4,2013,78.13
836,11,4,2013,78.08
837,12,4,2013,78.145
838,15,4,2013,78.22
839,16,4,2013,78.125
840,17,4,2013,78.02
841,18,4,2013,78.02
842,19,4,2013,78.23
843,22,4,2013,78.14
844,23,4,2013,78.02
845,24,4,2013,77.93
846,25,4,2013,78.05
847,26,4,2013,78.06
848,29,4,2013,78.04
849,30,4,2013,78.17
850,1,5,2013,78.11
851,2,5,2013,78.13
852,3,5,2013,77.99
853,6,5,2013,77.99
854,7,5,2013,78.02
855,8,5,2013,78.15
856,9,5,2013,77.98
857,10,5,2013,77.92
858,13,5,2013,78.01
859,14,5,2013,77.86
860,15,5,2013,77.84
861,16,5,2013,77.85
862,17,5,2013,77.85
863,20,5,2013,78.0
864,21,5,2013,77.96
865,22,5,2013,77.89
866,23,5,2013,77.86
867,24,5,2013,77.85
868,27,5,2013,77.81
869,28,5,2013,77.88
870,29,5,2013,77.88
871,30,5,2013,77.88
872,31,5,2013,77.87
873,3,6,2013,77.83
874,4,6,2013,77.85
875,5,6,2013,77.88
876,6,6,2013,77.85
877,7,6,2013,77.88
878,10,6,2013,77.86
879,11,6,2013,77.83
880,12,6,2013,77.88
881,13,6,2013,77.875
882,14,6,2013,77.85
883,17,6,2013,77.97
884,18,6,2013,77.9
885,19,6,2013,77.98
886,20,6,2013,77.98
887,21,6,2013,77.79
888,24,6,2013,77.77
889,25,6,2013,77.95
890,26,6,2013,77.81
891,27,6,2013,77.76
892,28,6,2013,77.91
893,1,7,2013,77.79
894,2,7,2013,77.88
895,3,7,2013,77.88
896,4,7,2013,77.82
897,5,7,2013,77.77
898,8,7,2013,77.94
899,9,7,2013,77.93
900,10,7,2013,77.99
901,11,7,2013,77.845
902,12,7,2013,77.89
903,15,7,2013,77.95
904,16,7,2013,77.76
905,17,7,2013,77.89
906,18,7,2013,77.89
907,19,7,2013,77.92
908,22,7,2013,77.78
909,23,7,2013,77.875
910,24,7,2013,77.88
911,25,7,2013,77.91
912,26,7,2013,77.85
913,29,7,2013,77.76
914,30,7,2013,77.85
915,31,7,2013,77.94
916,1,8,2013,77.88
917,2,8,2013,77.95
918,5,8,2013,77.76
919,6,8,2013,77.91
920,7,8,2013,77.83
921,8,8,2013,77.9
922,9,8,2013,77.88
923,12,8,2013,77.815
924,13,8,2013,77.845
925,14,8,2013,77.755
926,15,8,2013,77.875
927,16,8,2013,77.83
928,19,8,2013,77.825
929,20,8,2013,77.805
930,21,8,2013,77.67
931,22,8,2013,77.5
932,23,8,2013,77.855
933,26,8,2013,77.76
934,27,8,2013,77.855
935,28,8,2013,77.66
936,29,8,2013,77.845
937,30,8,2013,77.47
938,2,9,2013,77.76
939,3,9,2013,77.59
940,4,9,2013,77.42
941,5,9,2013,77.36
942,6,9,2013,77.59
943,9,9,2013,77.1
944,10,9,2013,77.83
945,11,9,2013,77.83
946,12,9,2013,77.79
947,13,9,2013,77.7
948,16,9,2013,77.73
949,17,9,2013,77.46
950,18,9,2013,77.83
951,19,9,2013,77.83
952,20,9,2013,77.65
953,23,9,2013,77.81
954,24,9,2013,77.72
955,25,9,2013,77.75
956,26,9,2013,77.825
957,27,9,2013,77.84
958,30,9,2013,77.96
959,1,10,2013,77.83
960,2,10,2013,77.89
961,3,10,2013,77.92
962,4,10,2013,77.89
963,7,10,2013,77.95
964,8,10,2013,77.83
965,9,10,2013,77.85
966,10,10,2013,77.85
967,11,10,2013,77.85
968,12,10,2013,77.845
969,13,10,2013,77.85
970,14,10,2013,77.85
971,15,10,2013,77.66
972,16,10,2013,77.83
973,17,10,2013,77.84
974,18,10,2013,77.83
975,19,10,2013,77.82
976,20,10,2013,77.82
977,21,10,2013,77.82
978,22,10,2013,77.81
979,23,10,2013,77.91
980,24,10,2013,77.74
981,25,10,2013,77.84
982,26,10,2013,77.82
983,27,10,2013,77.82
984,28,10,2013,77.72
985,29,10,2013,77.55
986,30,10,2013,77.47
987,31,10,2013,77.745
988,1,11,2013,77.35
989,2,11,2013,77.82
990,3,11,2013,77.82
991,4,11,2013,77.68
992,5,11,2013,77.82
993,6,11,2013,77.67
994,7,11,2013,77.73
995,8,11,2013,77.705
996,9,11,2013,77.68
997,10,11,2013,77.68
998,11,11,2013,77.68
999,12,11,2013,77.73
1000,13,11,2013,77.68
1001,14,11,2013,77.7
1002,15,11,2013,77.7
1003,16,11,2013,77.65
1004,17,11,2013,77.65
1005,18,11,2013,77.65
1006,19,11,2013,77.65
1007,20,11,2013,77.65
1008,21,11,2013,77.64
1009,22,11,2013,77.64
1010,23,11,2013,77.68
1011,24,11,2013,77.68
1012,25,11,2013,77.68
1013,26,11,2013,77.66
1014,27,11,2013,77.69
1015,28,11,2013,77.68
1016,29,11,2013,77.68
1017,30,11,2013,77.68
1018,1,12,2013,77.68
1019,2,12,2013,77.65
1020,3,12,2013,77.67
1021,4,12,2013,77.645
1022,5,12,2013,77.7
1023,6,12,2013,77.65
1024,7,12,2013,77.65
1025,8,12,2013,77.65
1026,9,12,2013,77.66
1027,10,12,2013,77.7
1028,11,12,2013,77.67
1029,12,12,2013,77.67
1030,13,12,2013,77.68
1031,14,12,2013,77.66
1032,15,12,2013,77.66
1033,16,12,2013,77.66
1034,17,12,2013,77.63
1035,18,12,2013,77.67
1036,19,12,2013,77.65
1037,20,12,2013,77.67
1038,21,12,2013,77.66
1039,22,12,2013,77.66
1040,23,12,2013,77.66
1041,24,12,2013,77.66
1042,25,12,2013,77.31
1043,26,12,2013,77.31
1044,27,12,2013,77.28
1045,28,12,2013,77.22
1046,29,12,2013,77.22
1047,30,12,2013,77.22
1048,31,12,2013,77.3
1049,1,1,2014,77.56
1050,2,1,2014,77.29
1051,3,1,2014,77.31
1052,4,1,2014,77.25
1053,5,1,2014,77.25
1054,6,1,2014,77.25
1055,7,1,2014,77.8
1056,8,1,2014,77.28
1057,9,1,2014,77.89
1058,10,1,2014,77.84
1059,11,1,2014,77.89
1060,12,1,2014,77.83
1061,13,1,2014,77.83
1062,14,1,2014,77.3
1063,15,1,2014,77.67
1064,16,1,2014,77.74
1065,17,1,2014,77.3
1066,18,1,2014,77.68
1067,19,1,2014,77.68
1068,20,1,2014,77.68
1069,21,1,2014,77.3
1070,22,1,2014,77.3
1071,23,1,2014,77.3
1072,24,1,2014,77.58
1073,25,1,2014,77.75
1074,26,1,2014,77.75
1075,27,1,2014,77.63
1076,28,1,2014,77.3
1077,29,1,2014,77.68
1078,30,1,2014,77.66
1079,31,1,2014,77.76
1080,1,2,2014,77.72
1081,2,2,2014,77.72
1082,3,2,2014,77.66
1083,4,2,2014,77.7
1084,5,2,2014,77.65
1085,6,2,2014,77.64
1086,7,2,2014,77.64
1087,8,2,2014,77.63
1088,9,2,2014,77.63
1089,10,2,2014,77.63
1090,11,2,2014,77.63
1091,12,2,2014,77.33
1092,13,2,2014,77.85
1093,14,2,2014,77.36
1094,15,2,2014,77.75
1095,16,2,2014,77.75
1096,17,2,2014,77.63
1097,18,2,2014,77.65
1098,19,2,2014,77.73
1099,20,2,2014,77.82
1100,21,2,2014,77.65
1101,22,2,2014,77.71
1102,23,2,2014,77.705
1103,24,2,2014,77.71
1104,25,2,2014,77.58
1105,26,2,2014,77.55
1106,27,2,2014,77.55
1107,28,2,2014,77.53
1108,1,3,2014,77.5
1109,2,3,2014,77.5
1110,3,3,2014,77.5
1111,4,3,2014,77.46
1112,5,3,2014,77.85
1113,6,3,2014,77.78
1114,7,3,2014,77.76
1115,8,3,2014,77.75
1116,9,3,2014,77.75
1117,10,3,2014,77.745
1118,11,3,2014,77.78
1119,12,3,2014,77.77
1120,13,3,2014,77.72
1121,14,3,2014,77.61
1122,15,3,2014,77.56
1123,16,3,2014,77.56
1124,17,3,2014,77.56
1125,18,3,2014,77.61
1126,19,3,2014,77.76
1127,20,3,2014,77.76
1128,21,3,2014,77.63
1129,22,3,2014,77.83
1130,23,3,2014,77.78
1131,24,3,2014,77.67
1132,25,3,2014,77.68
1133,26,3,2014,77.66
1134,27,3,2014,77.68
1135,28,3,2014,77.53
1136,29,3,2014,77.5
1137,30,3,2014,77.525
1138,31,3,2014,77.53
1139,1,4,2014,77.68
1140,2,4,2014,77.65
1141,3,4,2014,77.65
1142,4,4,2014,77.63
1143,5,4,2014,77.6
1144,6,4,2014,77.6
1145,7,4,2014,77.6
1146,8,4,2014,77.58
1147,9,4,2014,77.66
1148,10,4,2014,77.66
1149,11,4,2014,77.63
1150,12,4,2014,77.61
1151,13,4,2014,77.61
1152,14,4,2014,77.66
1153,15,4,2014,77.58
1154,16,4,2014,77.68
1155,17,4,2014,77.53
1156,18,4,2014,77.53
1157,19,4,2014,77.53
1158,20,4,2014,77.53
1159,21,4,2014,77.525
1160,22,4,2014,77.53
1161,23,4,2014,77.51
1162,24,4,2014,77.51
1163,25,4,2014,77.51
1164,26,4,2014,77.46
1165,27,4,2014,77.455
1166,28,4,2014,77.46
1167,29,4,2014,77.45
1168,30,4,2014,77.66
1169,1,5,2014,77.66
1170,2,5,2014,77.65
1171,3,5,2014,77.63
1172,4,5,2014,77.63
1173,5,5,2014,77.63
1174,6,5,2014,77.66
1175,7,5,2014,77.645
1176,8,5,2014,77.66
1177,9,5,2014,77.65
1178,10,5,2014,77.63
1179,11,5,2014,77.625
1180,12,5,2014,77.625
1181,13,5,2014,77.59
1182,14,5,2014,77.55
1183,15,5,2014,77.65
1184,16,5,2014,77.57
1185,17,5,2014,77.53
1186,18,5,2014,77.53
1187,19,5,2014,77.53
1188,20,5,2014,77.46
1189,21,5,2014,77.56
1190,22,5,2014,77.58
1191,23,5,2014,77.57
1192,24,5,2014,77.53
1193,25,5,2014,77.53
1194,26,5,2014,77.53
1195,27,5,2014,77.52
1196,28,5,2014,77.48
1197,29,5,2014,77.45
1198,30,5,2014,77.53
1199,31,5,2014,77.49
1200,1,6,2014,77.49
1201,2,6,2014,77.49
1202,3,6,2014,77.475
1203,4,6,2014,77.46
1204,5,6,2014,77.67
1205,6,6,2014,77.63
1206,7,6,2014,77.57
1207,8,6,2014,77.57
1208,9,6,2014,77.51
1209,10,6,2014,77.67
1210,11,6,2014,77.54
1211,12,6,2014,77.65
1212,13,6,2014,77.65
1213,14,6,2014,77.63
1214,15,6,2014,77.63
1215,16,6,2014,77.63
1216,17,6,2014,77.63
1217,18,6,2014,77.67
1218,19,6,2014,77.51
1219,20,6,2014,77.48
1220,21,6,2014,77.45
1221,22,6,2014,77.45
1222,23,6,2014,77.45
1223,24,6,2014,77.45
1224,25,6,2014,77.66
1225,26,6,2014,77.78
1226,27,6,2014,77.73
1227,28,6,2014,77.65
1228,29,6,2014,77.71
1229,30,6,2014,77.71
1230,1,7,2014,77.645
1231,2,7,2014,77.71
1232,3,7,2014,77.68
1233,4,7,2014,77.63
1234,5,7,2014,77.79
1235,6,7,2014,77.79
1236,7,7,2014,77.61
1237,8,7,2014,77.68
1238,9,7,2014,77.63
1239,10,7,2014,77.68
1240,11,7,2014,77.57
1241,12,7,2014,77.75
1242,13,7,2014,77.75
1243,14,7,2014,77.75
1244,15,7,2014,77.68
1245,16,7,2014,77.61
1246,17,7,2014,77.6
1247,18,7,2014,77.55
1248,19,7,2014,77.53
1249,20,7,2014,77.53
1250,21,7,2014,77.53
1251,22,7,2014,77.61
1252,23,7,2014,77.55
1253,24,7,2014,77.54
1254,25,7,2014,77.57
1255,26,7,2014,77.57
1256,27,7,2014,77.63
1257,28,7,2014,77.51
1258,29,7,2014,77.49
1259,30,7,2014,77.55
1260,31,7,2014,77.48
1261,1,8,2014,77.445
1262,2,8,2014,77.55
1263,3,8,2014,77.57
1264,4,8,2014,77.5
1265,5,8,2014,77.53
1266,6,8,2014,77.605
1267,7,8,2014,77.61
1268,8,8,2014,77.64
1269,9,8,2014,77.63
1270,10,8,2014,77.68
1271,11,8,2014,77.68
1272,12,8,2014,77.64
1273,13,8,2014,77.65
1274,14,8,2014,77.72
1275,15,8,2014,77.545
1276,16,8,2014,77.53
1277,17,8,2014,77.42
1278,18,8,2014,77.42
1279,19,8,2014,77.42
1280,20,8,2014,77.6
1281,21,8,2014,77.67
1282,22,8,2014,77.58
1283,23,8,2014,77.5
1284,24,8,2014,77.42
1285,25,8,2014,77.5
1286,26,8,2014,77.54
1287,27,8,2014,77.53
1288,28,8,2014,77.57
1289,29,8,2014,77.22
1290,30,8,2014,77.22
1291,31,8,2014,77.27
1292,1,9,2014,77.475
1293,2,9,2014,77.475
1294,3,9,2014,77.54
1295,4,9,2014,77.54
1296,5,9,2014,77.48
1297,6,9,2014,77.48
1298,7,9,2014,77.48
1299,8,9,2014,77.475
1300,9,9,2014,77.45
1301,10,9,2014,77.46
1302,11,9,2014,77.45
1303,12,9,2014,77.45
1304,13,9,2014,77.13
1305,14,9,2014,77.13
1306,15,9,2014,77.13
1307,16,9,2014,77.13
1308,17,9,2014,77.48
1309,18,9,2014,77.48
1310,19,9,2014,77.45
1311,20,9,2014,77.43
1312,21,9,2014,77.43
1313,22,9,2014,77.43
1314,23,9,2014,77.38
1315,24,9,2014,77.39
1316,25,9,2014,77.36
1317,26,9,2014,77.35
1318,27,9,2014,77.33
1319,28,9,2014,77.33
1320,29,9,2014,77.33
1321,30,9,2014,77.28
1322,1,10,2014,77.45
1323,2,10,2014,77.46
1324,3,10,2014,77.445
1325,4,10,2014,77.43
1326,5,10,2014,77.43
1327,6,10,2014,77.43
1328,7,10,2014,77.43
1329,8,10,2014,77.43
1330,9,10,2014,77.455
1331,10,10,2014,77.46
1332,11,10,2014,77.46
1333,12,10,2014,77.46
1334,13,10,2014,77.455
1335,14,10,2014,77.46
1336,15,10,2014,77.45
1337,16,10,2014,77.38
1338,17,10,2014,77.3
1339,18,10,2014,77.3
1340,19,10,2014,77.3
1341,20,10,2014,77.3
1342,21,10,2014,77.37
1343,22,10,2014,77.35
1344,23,10,2014,77.38
1345,24,10,2014,77.38
1346,25,10,2014,77.38
1347,26,10,2014,77.38
1348,27,10,2014,77.375
1349,28,10,2014,77.41
1350,29,10,2014,77.42
1351,30,10,2014,77.43
1352,31,10,2014,77.41
1353,1,11,2014,77.43
1354,2,11,2014,77.43
1355,3,11,2014,77.43
1356,4,11,2014,77.42
1357,5,11,2014,77.38
1358,6,11,2014,77.305
1359,7,11,2014,77.33
1360,8,11,2014,77.33
1361,9,11,2014,77.33
1362,10,11,2014,77.33
1363,11,11,2014,77.31
1364,12,11,2014,77.305
1365,13,11,2014,77.32
1366,14,11,2014,77.33
1367,15,11,2014,77.31
1368,16,11,2014,77.31
1369,17,11,2014,77.31
1370,18,11,2014,77.305
1371,19,11,2014,77.31
1372,20,11,2014,77.31
1373,21,11,2014,77.305
1374,22,11,2014,77.31
1375,23,11,2014,77.31
1376,24,11,2014,77.31
1377,25,11,2014,77.315
1378,26,11,2014,77.33
1379,27,11,2014,77.33
1380,28,11,2014,77.33
1381,29,11,2014,77.31
1382,30,11,2014,77.31
1383,1,12,2014,77.305
1384,2,12,2014,77.33
1385,3,12,2014,77.33
1386,4,12,2014,77.31
1387,5,12,2014,77.575
1388,6,12,2014,77.575
1389,7,12,2014,77.575
1390,8,12,2014,77.575
1391,9,12,2014,77.575
1392,10,12,2014,77.25645
1393,11,12,2014,77.37145
1394,12,12,2014,77.34495
1395,13,12,2014,77.30845
1396,14,12,2014,77.30845
1397,15,12,2014,77.30845
1398,16,12,2014,77.29095
1399,17,12,2014,77.30945
1400,18,12,2014,77.31045
1401,19,12,2014,77.36445
1402,20,12,2014,77.32095
1403,21,12,2014,77.32095
1404,22,12,2014,77.32095
1405,23,12,2014,77.89795
1406,24,12,2014,78.00895
1407,25,12,2014,77.95345
1408,26,12,2014,77.95345
1409,27,12,2014,77.95345
1410,28,12,2014,77.95345
1411,29,12,2014,77.95345
1412,30,12,2014,77.90745
1413,31,12,2014,78.00995
1414,1,1,2015,77.90795
1415,2,1,2015,77.90795
1416,3,1,2015,77.95095
1417,4,1,2015,77.95095
1418,5,1,2015,77.95095
1419,6,1,2015,77.87745
1420,7,1,2015,78.16445
1421,8,1,2015,77.80595
1422,9,1,2015,77.92145
1423,10,1,2015,77.83645
1424,11,1,2015,77.83645
1425,12,1,2015,77.83645
1426,13,1,2015,77.92745
1427,14,1,2015,77.82395
1428,15,1,2015,77.74445
1429,16,1,2015,77.85795
1430,17,1,2015,77.82995
1431,18,1,2015,77.82995
1432,19,1,2015,77.82995
1433,20,1,2015,77.81295
1434,21,1,2015,77.81745
1435,22,1,2015,77.87795
1436,23,1,2015,77.84995
1437,24,1,2015,77.63395
1438,25,1,2015,77.63395
1439,26,1,2015,77.63395
1440,27,1,2015,77.85095
1441,28,1,2015,77.71395
1442,29,1,2015,77.84545
1443,30,1,2015,77.40245
1444,31,1,2015,77.80995
1445,1,2,2015,77.80995
1446,2,2,2015,77.80995
1447,3,2,2015,77.76795
1448,4,2,2015,77.73245
1449,5,2,2015,78.07495
1450,6,2,2015,77.78345
1451,7,2,2015,77.84845
1452,8,2,2015,77.84845
1453,9,2,2015,77.84845
1454,10,2,2015,77.81945
1455,11,2,2015,77.83495
1456,12,2,2015,77.79145
1457,13,2,2015,77.68845
1458,14,2,2015,77.90145
1459,15,2,2015,77.90145
1460,16,2,2015,77.90145
1461,17,2,2015,77.80545
1462,18,2,2015,77.89445
1463,19,2,2015,77.78245
1464,20,2,2015,77.83195
1465,21,2,2015,77.85245
1466,22,2,2015,77.85245
1467,23,2,2015,77.85245
1468,24,2,2015,77.91995
1469,25,2,2015,77.77445
1470,26,2,2015,77.79645
1471,27,2,2015,77.92845
1472,28,2,2015,77.87895
1473,1,3,2015,77.87895
1474,2,3,2015,77.87895
1475,3,3,2015,77.79245
1476,4,3,2015,77.79595
1477,5,3,2015,77.79445
1478,6,3,2015,77.72845
1479,7,3,2015,77.76795
1480,8,3,2015,77.76795
1481,9,3,2015,77.76795
1482,10,3,2015,77.78745
1483,11,3,2015,77.85845
1484,12,3,2015,77.78845
1485,13,3,2015,77.94845
1486,14,3,2015,77.89545
1487,15,3,2015,77.89545
1488,16,3,2015,77.89545
1489,17,3,2015,77.88595
1490,18,3,2015,77.80395
1491,19,3,2015,77.84795
1492,20,3,2015,77.91745
1493,21,3,2015,77.74345
1494,22,3,2015,77.74345
1495,23,3,2015,77.74345
1496,24,3,2015,77.89445
1497,25,3,2015,77.89645
1498,26,3,2015,77.89645
1499,27,3,2015,77.90095
1500,28,3,2015,77.87895
1501,29,3,2015,77.87895
1502,30,3,2015,77.87895
1503,31,3,2015,77.86945
1504,1,4,2015,77.90245
1505,2,4,2015,77.90895
1506,3,4,2015,77.75445
1507,4,4,2015,77.44995
1508,5,4,2015,77.44995
1509,6,4,2015,77.44995
1510,7,4,2015,76.72695
1511,8,4,2015,77.77595
1512,9,4,2015,77.81595
1513,10,4,2015,77.75545
1514,11,4,2015,77.88645
1515,12,4,2015,77.88645
1516,13,4,2015,77.88645
1517,14,4,2015,77.82095
1518,15,4,2015,77.92595
1519,16,4,2015,77.75245
1520,17,4,2015,77.72795
1521,18,4,2015,77.91395
1522,19,4,2015,77.91395
1523,20,4,2015,77.91395
1524,21,4,2015,77.75695
1525,22,4,2015,77.81745
1526,23,4,2015,77.94195
1527,24,4,2015,77.79795
1528,25,4,2015,77.83095
1529,26,4,2015,77.83095
1530,27,4,2015,77.83095
1531,28,4,2015,77.86495
1532,29,4,2015,77.94145
1533,30,4,2015,77.94095
1534,1,5,2015,77.91545
1535,2,5,2015,77.71745
1536,3,5,2015,77.71745
1537,4,5,2015,77.71745
1538,5,5,2015,77.85445
1539,6,5,2015,77.75745
1540,7,5,2015,77.78245
1541,8,5,2015,77.89295
1542,9,5,2015,77.82395
1543,10,5,2015,77.82395
1544,11,5,2015,77.82395
1545,12,5,2015,77.72245
1546,13,5,2015,77.91645
1547,14,5,2015,77.75945
1548,15,5,2015,77.90095
1549,16,5,2015,77.91145
1550,17,5,2015,77.91145
1551,18,5,2015,77.91145
1552,19,5,2015,77.80195
1553,20,5,2015,77.78345
1554,21,5,2015,77.78395
1555,22,5,2015,77.80095
1556,23,5,2015,77.89945
1557,24,5,2015,77.89945
1558,25,5,2015,77.89945
1559,26,5,2015,77.73045
1560,27,5,2015,77.83345
1561,28,5,2015,77.79195
1562,29,5,2015,77.82795
1563,30,5,2015,77.83695
1564,31,5,2015,77.83695
1565,1,6,2015,77.83695
1566,2,6,2015,77.77495
1567,3,6,2015,77.67445
1568,4,6,2015,77.88045
1569,5,6,2015,77.90245
1570,6,6,2015,77.82495
1571,7,6,2015,77.82495
1572,8,6,2015,77.82495
1573,9,6,2015,77.84345
1574,10,6,2015,77.73345
1575,11,6,2015,77.75745
1576,12,6,2015,77.78945
1577,13,6,2015,77.74545
1578,14,6,2015,77.74545
1579,15,6,2015,77.74545
1580,16,6,2015,77.80945
1581,17,6,2015,77.70545
1582,18,6,2015,77.71745
1583,19,6,2015,77.71995
1584,20,6,2015,77.38795
1585,21,6,2015,77.38795
1586,22,6,2015,77.38795
1587,23,6,2015,77.62295
1588,24,6,2015,77.81495
1589,25,6,2015,77.79345
1590,26,6,2015,77.80345
1591,27,6,2015,77.83195
1592,28,6,2015,77.83195
1593,29,6,2015,77.83195
1594,30,6,2015,77.84595
1595,1,7,2015,77.82795
1596,2,7,2015,77.78095
1597,3,7,2015,77.79145
1598,4,7,2015,77.85345
1599,5,7,2015,77.85345
1600,6,7,2015,77.85345
1601,7,7,2015,77.81945
1602,8,7,2015,77.88145
1603,9,7,2015,77.74995
1604,10,7,2015,77.74545
1605,11,7,2015,77.68445
1606,12,7,2015,77.68445
1607,13,7,2015,77.68445
1608,14,7,2015,77.65695
1609,15,7,2015,77.68995
1610,16,7,2015,77.74295
1611,17,7,2015,77.72245
1612,18,7,2015,77.73695
1613,19,7,2015,77.73695
1614,20,7,2015,77.73695
1615,21,7,2015,77.75495
1616,22,7,2015,77.74945
1617,23,7,2015,77.75695
1618,24,7,2015,77.74495
1619,25,7,2015,77.77245
1620,26,7,2015,77.77245
1621,27,7,2015,77.77245
1622,28,7,2015,77.72445
1623,29,7,2015,77.73045
1624,30,7,2015,77.83995
1625,31,7,2015,77.75945
1626,1,8,2015,77.93045
1627,2,8,2015,77.93045
1628,3,8,2015,77.93045
1629,4,8,2015,77.77995
1630,5,8,2015,77.73695
1631,6,8,2015,77.48945
1632,7,8,2015,77.91345
1633,8,8,2015,77.86095
1634,9,8,2015,77.86095
1635,10,8,2015,77.86095
1636,11,8,2015,77.84695
1637,12,8,2015,77.77945
1638,13,8,2015,77.74545
1639,14,8,2015,77.80995
1640,15,8,2015,78.26545
1641,16,8,2015,78.26545
1642,17,8,2015,78.26545
1643,18,8,2015,77.79295
1644,19,8,2015,77.77895
1645,20,8,2015,77.77845
1646,21,8,2015,77.92245
1647,22,8,2015,77.91245
1648,23,8,2015,77.91245
1649,24,8,2015,77.91245
1650,25,8,2015,77.80945
1651,26,8,2015,77.77895
1652,27,8,2015,77.76745
1653,28,8,2015,77.88295
1654,29,8,2015,77.85095
1655,30,8,2015,77.85095
1656,31,8,2015,77.85095
1657,1,9,2015,77.78895
1658,2,9,2015,77.82395
1659,3,9,2015,77.84645
1660,4,9,2015,77.82645
1661,5,9,2015,77.86345
1662,6,9,2015,77.86345
1663,7,9,2015,77.86345
1664,8,9,2015,77.86945
1665,9,9,2015,77.82995
1666,10,9,2015,77.76095
1667,11,9,2015,77.89995
1668,12,9,2015,77.92295
1669,13,9,2015,77.92295
1670,14,9,2015,77.92295
1671,15,9,2015,77.91595
1672,16,9,2015,77.82595
1673,17,9,2015,77.85395
1674,18,9,2015,77.84645
1675,19,9,2015,77.82295
1676,20,9,2015,77.82295
1677,21,9,2015,77.82295
1678,22,9,2015,77.85495
1679,23,9,2015,77.69745
1680,24,9,2015,77.86845
1681,25,9,2015,77.81545
1682,26,9,2015,77.91845
1683,27,9,2015,77.91845
1684,28,9,2015,77.91845
1685,29,9,2015,77.86995
1686,30,9,2015,77.79045
1687,1,10,2015,77.72095
1688,2,10,2015,77.86345
1689,3,10,2015,77.86895
1690,4,10,2015,77.86895
1691,5,10,2015,77.86895
1692,6,10,2015,77.86245
1693,7,10,2015,77.86595
1694,8,10,2015,77.79045
1695,9,10,2015,77.80895
1696,10,10,2015,77.73995
1697,11,10,2015,77.73995
1698,12,10,2015,77.73995
1699,13,10,2015,77.75295
1700,14,10,2015,77.79095
1701,15,10,2015,77.73445
1702,16,10,2015,77.80845
1703,17,10,2015,77.80245
1704,18,10,2015,77.80245
1705,19,10,2015,77.80245
1706,20,10,2015,77.74445
1707,21,10,2015,77.88745
1708,22,10,2015,77.90445
1709,23,10,2015,77.81745
1710,24,10,2015,77.91145
1711,25,10,2015,77.91145
1712,26,10,2015,77.91145
1713,27,10,2015,77.89595
1714,28,10,2015,77.91045
1715,29,10,2015,77.89395
1716,30,10,2015,77.94045
1717,31,10,2015,77.74895
1718,1,11,2015,77.74895
1719,2,11,2015,77.74895
1720,3,11,2015,77.85845
1721,4,11,2015,77.85495
1722,5,11,2015,78.66695
1723,6,11,2015,78.26545
1724,7,11,2015,78.20645
1725,8,11,2015,78.20645
1726,9,11,2015,78.20645
1727,10,11,2015,78.37895
1728,11,11,2015,78.14045
1729,12,11,2015,77.88345
1730,13,11,2015,77.39345
1731,14,11,2015,78.08545
1732,15,11,2015,78.08545
1733,16,11,2015,78.08545
1734,17,11,2015,78.08595
1735,18,11,2015,78.20145
1736,19,11,2015,77.45545
1737,20,11,2015,77.48245
1738,21,11,2015,77.69645
1739,22,11,2015,77.69645
1740,23,11,2015,77.69645
1741,24,11,2015,77.37445
1742,25,11,2015,77.40545
1743,26,11,2015,77.14195
1744,27,11,2015,77.43095
1745,28,11,2015,77.28045
1746,29,11,2015,77.28045
1747,30,11,2015,77.28045
1748,1,12,2015,78.10295
1749,2,12,2015,77.88345
1750,3,12,2015,78.01445
1751,4,12,2015,75.54345
1752,5,12,2015,78.26595
1753,6,12,2015,78.26595
1754,7,12,2015,78.26595
1755,8,12,2015,78.01445
1756,9,12,2015,77.88595
1757,10,12,2015,77.42895
1758,11,12,2015,77.91695
1759,12,12,2015,78.06495
1760,13,12,2015,78.06495
1761,14,12,2015,78.06495
1762,15,12,2015,78.03445
1763,16,12,2015,78.74495
1764,17,12,2015,78.26145
1765,18,12,2015,78.17545
1766,19,12,2015,77.99495
1767,20,12,2015,77.99495
1768,21,12,2015,77.99495
1769,22,12,2015,77.84445
1770,23,12,2015,78.52095
1771,24,12,2015,78.71445
1772,25,12,2015,78.39945
1773,26,12,2015,78.31045
1774,27,12,2015,78.31045
1775,28,12,2015,78.31045
1776,29,12,2015,78.63395
1777,30,12,2015,78.58995
1778,31,12,2015,78.21145
1779,1,1,2016,78.71645
1780,2,1,2016,78.69845
1781,3,1,2016,78.69845
1782,4,1,2016,78.69845
1783,5,1,2016,78.83795
1784,6,1,2016,78.55795
1785,7,1,2016,78.19645
1786,8,1,2016,78.01645
1787,9,1,2016,78.04945
1788,10,1,2016,78.04945
1789,11,1,2016,78.04945
1790,12,1,2016,78.66745
1791,13,1,2016,78.44395
1792,14,1,2016,78.07245
1793,15,1,2016,78.52945
1794,16,1,2016,78.47545
1795,17,1,2016,78.47545
1796,18,1,2016,78.47545
1797,19,1,2016,78.50095
1798,20,1,2016,78.15095
1799,21,1,2016,78.61095
1800,22,1,2016,78.79845
1801,23,1,2016,78.74795
1802,24,1,2016,78.74795
1803,25,1,2016,78.74795
1804,26,1,2016,78.25595
1805,27,1,2016,78.17445
1806,28,1,2016,78.29995
1807,29,1,2016,78.28095
1808,30,1,2016,79.07895
1809,31,1,2016,79.07895
1810,1,2,2016,79.07895
1811,2,2,2016,78.27445
1812,3,2,2016,78.42795
1813,4,2,2016,77.53245
1814,5,2,2016,78.60645
1815,6,2,2016,78.61645
1816,7,2,2016,78.61645
1817,8,2,2016,78.61645
1818,9,2,2016,78.70595
1819,10,2,2016,78.27945
1820,11,2,2016,78.82945
1821,12,2,2016,78.85845
1822,13,2,2016,78.84695
1823,14,2,2016,78.84695
1824,15,2,2016,78.84695
1825,16,2,2016,78.42245
1826,17,2,2016,78.50045
1827,18,2,2016,78.58595
1828,19,2,2016,78.38395
1829,20,2,2016,78.42645
1830,21,2,2016,78.42645
1831,22,2,2016,78.42645
1832,23,2,2016,78.58045
1833,24,2,2016,78.48395
1834,25,2,2016,78.07695
1835,26,2,2016,78.46245
1836,27,2,2016,79.14295
1837,28,2,2016,79.14295
1838,29,2,2016,79.14295
1839,1,3,2016,78.48395
1840,2,3,2016,78.51695
1841,3,3,2016,78.42545
1842,4,3,2016,77.98445
1843,5,3,2016,78.33045
1844,6,3,2016,78.33045
1845,7,3,2016,78.33045
1846,8,3,2016,78.44395
1847,9,3,2016,78.49895
1848,10,3,2016,78.45545
1849,11,3,2016,78.34795
1850,12,3,2016,78.15995
1851,13,3,2016,78.15995
1852,14,3,2016,78.15995
1853,15,3,2016,78.47595
1854,16,3,2016,78.36545
1855,17,3,2016,77.55345
1856,18,3,2016,78.46395
1857,19,3,2016,78.42595
1858,20,3,2016,78.42595
1859,21,3,2016,78.42595
1860,22,3,2016,78.35645
1861,23,3,2016,78.33695
1862,24,3,2016,78.37395
1863,25,3,2016,78.34295
1864,26,3,2016,78.32195
1865,27,3,2016,78.32195
1866,28,3,2016,78.38495
1867,29,3,2016,78.33945
1868,30,3,2016,78.30595
1869,31,3,2016,78.50945
1870,1,4,2016,78.35645
1871,2,4,2016,78.36195
1872,3,4,2016,78.36195
1873,4,4,2016,78.36195
1874,5,4,2016,78.29095
1875,6,4,2016,78.29145
1876,7,4,2016,78.41045
1877,8,4,2016,78.61445
1878,9,4,2016,78.41095
1879,10,4,2016,78.41095
1880,11,4,2016,78.41095
1881,12,4,2016,78.36895
1882,13,4,2016,78.48245
1883,14,4,2016,78.33745
1884,15,4,2016,78.32145
1885,16,4,2016,78.34645
1886,17,4,2016,78.34645
1887,18,4,2016,78.34645
1888,19,4,2016,78.35095
1889,20,4,2016,78.38295
1890,21,4,2016,78.43295
1891,22,4,2016,78.38745
1892,23,4,2016,78.32495
1893,24,4,2016,78.32495
1894,25,4,2016,78.32495
1895,26,4,2016,78.32495
1896,27,4,2016,78.36695
1897,28,4,2016,78.40695
1898,29,4,2016,78.33995
1899,30,4,2016,78.43745
1900,1,5,2016,78.43745
1901,2,5,2016,78.43745
1902,3,5,2016,78.45145
1903,4,5,2016,78.13145
1904,5,5,2016,78.36795
1905,6,5,2016,78.52495
1906,7,5,2016,78.38195
1907,8,5,2016,78.38195
1908,9,5,2016,78.38195
1909,10,5,2016,78.38195
1910,11,5,2016,78.37145
1911,12,5,2016,78.33595
1912,13,5,2016,78.13995
1913,14,5,2016,78.61495
1914,15,5,2016,78.61495
1915,16,5,2016,78.61495
1916,17,5,2016,78.85345
1917,18,5,2016,78.64445
1918,19,5,2016,78.57295
1919,20,5,2016,78.63395
1920,21,5,2016,78.65495
1921,22,5,2016,78.65495
1922,23,5,2016,78.65495
1923,24,5,2016,78.62345
1924,25,5,2016,78.63345
1925,26,5,2016,78.65545
1926,27,5,2016,78.65195
1927,28,5,2016,78.64095
1928,29,5,2016,78.64095
1929,30,5,2016,78.64095
1930,31,5,2016,78.64995
1931,1,6,2016,78.57945
1932,2,6,2016,78.67145
1933,3,6,2016,78.98245
1934,4,6,2016,78.62345
1935,5,6,2016,78.62345
1936,6,6,2016,78.62345
1937,7,6,2016,78.62345
1938,8,6,2016,78.63895
1939,9,6,2016,78.60745
1940,10,6,2016,78.66045
1941,11,6,2016,78.87945
1942,12,6,2016,78.87945
1943,13,6,2016,78.87945
1944,14,6,2016,78.99245
1945,15,6,2016,78.56445
1946,16,6,2016,78.28695
1947,17,6,2016,78.73795
1948,18,6,2016,78.46445
1949,19,6,2016,78.46445
1950,20,6,2016,78.46445
1951,21,6,2016,78.51595
1952,22,6,2016,78.96445
1953,23,6,2016,78.07545
1954,24,6,2016,78.24095
1955,25,6,2016,78.00495
1956,26,6,2016,78.00495
1957,27,6,2016,78.00495
1958,28,6,2016,78.43945
1959,29,6,2016,78.47545
1960,30,6,2016,78.47545
1961,1,7,2016,78.71395
1962,2,7,2016,78.21795
1963,3,7,2016,78.21795
1964,4,7,2016,78.21795
1965,5,7,2016,78.12895
1966,6,7,2016,78.91345
1967,7,7,2016,78.10995
1968,8,7,2016,78.45845
1969,9,7,2016,78.41145
1970,10,7,2016,78.41145
1971,11,7,2016,78.41145
1972,12,7,2016,78.42895
1973,13,7,2016,78.64195
1974,14,7,2016,78.35145
1975,15,7,2016,78.33595
1976,16,7,2016,79.17645
1977,17,7,2016,79.17645
1978,18,7,2016,79.17645
1979,19,7,2016,78.23595
1980,20,7,2016,78.72645
1981,21,7,2016,78.77445
1982,22,7,2016,78.40745
1983,23,7,2016,78.75995
1984,24,7,2016,78.75995
1985,25,7,2016,78.75995
1986,26,7,2016,78.43445
1987,27,7,2016,78.59245
1988,28,7,2016,78.04795
1989,29,7,2016,78.52595
1990,30,7,2016,78.03745
1991,31,7,2016,78.03745
1992,1,8,2016,78.03745
1993,2,8,2016,78.45145
1994,3,8,2016,78.42495
1995,4,8,2016,78.42595
1996,5,8,2016,78.45595
1997,6,8,2016,78.42945
1998,7,8,2016,78.42945
1999,8,8,2016,78.42945
2000,9,8,2016,78.42945
2001,10,8,2016,78.19745
2002,11,8,2016,78.35995
2003,12,8,2016,78.49295
2004,13,8,2016,78.35845
2005,14,8,2016,78.35845
2006,15,8,2016,78.35845
2007,16,8,2016,78.35595
2008,17,8,2016,78.43745
2009,18,8,2016,78.40645
2010,19,8,2016,78.20495
2011,20,8,2016,78.40995
2012,21,8,2016,78.40995
2013,22,8,2016,78.40995
2014,23,8,2016,78.20445
2015,24,8,2016,78.59845
2016,25,8,2016,78.61845
2017,26,8,2016,78.44845
2018,27,8,2016,78.40645
2019,28,8,2016,78.40645
2020,29,8,2016,78.40645
2021,30,8,2016,79.04545
2022,31,8,2016,79.04545
2023,1,9,2016,78.32845
2024,2,9,2016,78.10845
2025,3,9,2016,78.10845
2026,4,9,2016,78.10845
2027,5,9,2016,78.10845
2028,6,9,2016,78.59395
2029,7,9,2016,78.59395
2030,8,9,2016,78.46595
2031,9,9,2016,78.58895
2032,10,9,2016,78.60645
2033,11,9,2016,78.60645
2034,12,9,2016,78.60645
2035,13,9,2016,78.29895
2036,14,9,2016,78.50495
2037,15,9,2016,78.50045
2038,16,9,2016,78.36645
2039,17,9,2016,78.34245
2040,18,9,2016,78.34245
2041,19,9,2016,78.34245
2042,20,9,2016,78.31645
2043,21,9,2016,78.62595
2044,22,9,2016,78.62395
2045,23,9,2016,78.62395
2046,24,9,2016,78.46295
2047,25,9,2016,78.46295
2048,26,9,2016,78.46295
2049,27,9,2016,78.46295
2050,28,9,2016,78.72645
2051,29,9,2016,78.50545
2052,30,9,2016,78.36845
2053,1,10,2016,77.94695
2054,2,10,2016,77.94695
2055,3,10,2016,77.94695
2056,4,10,2016,77.94695
2057,5,10,2016,78.22945
2058,6,10,2016,78.56195
2059,7,10,2016,78.73145
2060,8,10,2016,78.02995
2061,9,10,2016,78.02995
2062,10,10,2016,78.02995
2063,11,10,2016,78.66345
2064,12,10,2016,78.67395
2065,13,10,2016,78.52295
2066,14,10,2016,78.28995
2067,15,10,2016,78.34445
2068,16,10,2016,78.34445
2069,17,10,2016,78.34445
2070,18,10,2016,78.76945
2071,19,10,2016,78.76945
2072,20,10,2016,78.76945
2073,21,10,2016,78.76895
2074,22,10,2016,78.47145
2075,23,10,2016,78.47145
2076,24,10,2016,78.47145
2077,25,10,2016,78.54145
2078,26,10,2016,78.21345
2079,27,10,2016,78.55695
2080,28,10,2016,78.64945
2081,29,10,2016,77.92845
2082,30,10,2016,77.92845
2083,31,10,2016,77.92845
2084,1,11,2016,78.35895
2085,2,11,2016,78.29295
2086,3,11,2016,78.54545
2087,4,11,2016,78.52195
2088,5,11,2016,78.26245
2089,6,11,2016,78.26245
2090,7,11,2016,78.26245
2091,8,11,2016,78.69445
2092,9,11,2016,78.79545
2093,10,11,2016,79.82745
2094,11,11,2016,78.66845
2095,12,11,2016,78.70495
2096,13,11,2016,78.70495
2097,14,11,2016,78.70495
2098,15,11,2016,78.91345
2099,16,11,2016,78.91445
2100,17,11,2016,78.90745
2101,18,11,2016,79.74745
2102,19,11,2016,78.93645
2103,20,11,2016,78.93645
2104,21,11,2016,78.93645
2105,22,11,2016,79.24695
2106,23,11,2016,79.27795
2107,24,11,2016,79.86795
2108,25,11,2016,79.33245
2109,26,11,2016,79.24045
2110,27,11,2016,79.24045
2111,28,11,2016,79.24045
2112,29,11,2016,79.29145
2113,30,11,2016,79.01195
2114,1,12,2016,79.40445
2115,2,12,2016,79.32495
2116,3,12,2016,79.47345
2117,4,12,2016,79.47345
2118,5,12,2016,79.47345
2119,6,12,2016,79.06645
2120,7,12,2016,79.81195
2121,8,12,2016,79.51445
2122,9,12,2016,81.03995
2123,10,12,2016,79.87645
2124,11,12,2016,79.87645
2125,12,12,2016,79.87645
2126,13,12,2016,79.29245
2127,14,12,2016,79.22195
2128,15,12,2016,80.40895
2129,16,12,2016,79.40745
2130,17,12,2016,79.37595
2131,18,12,2016,79.37595
2132,19,12,2016,79.37595
2133,20,12,2016,79.50295
2134,21,12,2016,78.63695
2135,22,12,2016,78.97895
2136,23,12,2016,79.24445
2137,24,12,2016,79.13345
2138,25,12,2016,79.13345
2139,26,12,2016,79.13345
2140,27,12,2016,79.08995
2141,28,12,2016,78.98695
2142,29,12,2016,78.62245
2143,30,12,2016,78.77895
2144,31,12,2016,79.31745
2145,1,1,2017,79.31745
2146,2,1,2017,79.31745
2147,3,1,2017,79.12445
2148,4,1,2017,79.15395
2149,5,1,2017,78.675
2150,6,1,2017,78.675
2151,9,1,2017,78.675
2152,10,1,2017,78.725
2153,11,1,2017,78.75
2154,12,1,2017,78.9
2155,13,1,2017,78.9
2156,16,1,2017,78.9
2157,17,1,2017,79.05
2158,18,1,2017,79.225
2159,19,1,2017,79.15
2160,20,1,2017,79.15
2161,23,1,2017,79.15
2162,24,1,2017,79.275
2163,25,1,2017,79.3
2164,26,1,2017,79.4
2165,27,1,2017,79.5
2166,28,1,2017,79.5
2167,30,1,2017,79.5
2168,31,1,2017,79.45
2169,1,2,2017,79.5
2170,2,2,2017,79.525
2171,3,2,2017,79.525
2172,4,2,2017,79.525
2173,6,2,2017,79.525
2174,7,2,2017,79.68
2175,8,2,2017,79.85
2176,9,2,2017,79.9
2177,10,2,2017,79.95
2178,11,2,2017,79.95
2179,13,2,2017,79.95
2180,14,2,2017,80.05
2181,15,2,2017,80.1
2182,16,2,2017,80.15
2183,17,2,2017,80.225
2184,18,2,2017,80.225
2185,20,2,2017,80.225
2186,21,2,2017,79.925
2187,22,2,2017,79.925
2188,23,2,2017,79.775
2189,24,2,2017,79.675
2190,25,2,2017,79.675
2191,27,2,2017,79.675
2192,28,2,2017,79.7
2193,1,3,2017,79.695
2194,2,3,2017,79.975
2195,3,3,2017,79.975
2196,6,3,2017,79.975
2197,7,3,2017,80.075
2198,8,3,2017,80.125
2199,9,3,2017,80.175
2200,10,3,2017,80.25
2201,13,3,2017,80.25
2202,14,3,2017,80.28
2203,15,3,2017,80.3
2204,16,3,2017,80.225
2205,17,3,2017,80.175
2206,20,3,2017,80.175
2207,21,3,2017,80.2
2208,22,3,2017,80.2
2209,23,3,2017,80.3
2210,24,3,2017,80.175
2211,27,3,2017,80.175
2212,28,3,2017,80.28
2213,29,3,2017,80.275
2214,30,3,2017,80.275
2215,31,3,2017,80.215
2216,3,4,2017,80.215
2217,4,4,2017,80.305
2218,5,4,2017,80.37
2219,6,4,2017,80.45
2220,7,4,2017,80.64
2221,10,4,2017,80.63
2222,11,4,2017,80.65
2223,12,4,2017,80.65
2224,13,4,2017,81.08
2225,14,4,2017,81.1
2226,17,4,2017,81.1
2227,18,4,2017,81.05
2228,19,4,2017,81.8
2229,20,4,2017,81.95
2230,21,4,2017,82.85
2231,24,4,2017,82.85
2232,25,4,2017,82.95
2233,26,4,2017,83.65
2234,27,4,2017,84.25
2235,28,4,2017,83.625
2236,1,5,2017,83.625
2237,2,5,2017,83.625
2238,3,5,2017,82.58
2239,4,5,2017,82.75
2240,5,5,2017,81.6
2241,8,5,2017,81.555
2242,9,5,2017,81.55
2243,10,5,2017,80.75
2244,11,5,2017,80.75
2245,12,5,2017,80.725
2246,15,5,2017,80.725
2247,16,5,2017,80.625
2248,17,5,2017,80.54
2249,18,5,2017,80.555
2250,19,5,2017,80.55
2251,22,5,2017,80.55
2252,23,5,2017,80.55
2253,24,5,2017,80.5
2254,25,5,2017,80.54
2255,26,5,2017,80.525
2256,29,5,2017,80.525
2257,30,5,2017,80.54
2258,31,5,2017,80.59
2259,1,6,2017,80.675
2260,2,6,2017,80.6
2261,5,6,2017,80.6
2262,6,6,2017,80.57
2263,7,6,2017,80.595
2264,8,6,2017,80.6
2265,9,6,2017,80.61
2266,12,6,2017,80.61
2267,13,6,2017,80.575
2268,14,6,2017,80.575
2269,15,6,2017,80.575
2270,16,6,2017,80.575
2271,19,6,2017,80.575
2272,20,6,2017,80.54
2273,21,6,2017,80.53
2274,22,6,2017,80.58
2275,23,6,2017,80.63
2276,26,6,2017,80.63
2277,27,6,2017,80.63
2278,28,6,2017,80.63
2279,29,6,2017,80.58
2280,30,6,2017,80.63
2281,3,7,2017,80.595
2282,4,7,2017,80.8
2283,5,7,2017,80.83
2284,6,7,2017,80.85
2285,7,7,2017,81.175
2286,10,7,2017,81.175
2287,11,7,2017,80.595
2288,12,7,2017,80.595
2289,13,7,2017,81.49
2290,14,7,2017,81.2
2291,17,7,2017,81.2
2292,18,7,2017,80.88
2293,19,7,2017,80.635
2294,20,7,2017,80.85
2295,21,7,2017,80.635
2296,24,7,2017,80.635
2297,25,7,2017,80.82
2298,26,7,2017,81.22
2299,27,7,2017,81.325
2300,28,7,2017,80.635
2301,31,7,2017,80.635
2302,1,8,2017,81.375
2303,2,8,2017,81.28
2304,3,8,2017,80.67
2305,4,8,2017,81.05
2306,7,8,2017,81.05
2307,8,8,2017,80.755
2308,9,8,2017,81.015
2309,10,8,2017,80.98
2310,11,8,2017,80.9
2311,14,8,2017,80.9
2312,15,8,2017,80.9
2313,16,8,2017,80.9
2314,17,8,2017,80.95
2315,18,8,2017,81.15
2316,21,8,2017,81.155
2317,22,8,2017,81.3
2318,23,8,2017,81.375
2319,24,8,2017,81.24
2320,25,8,2017,81.16
2321,28,8,2017,81.165
2322,29,8,2017,81.35
2323,30,8,2017,81.19
2324,31,8,2017,81.3
2325,1,9,2017,80.695
2326,4,9,2017,80.695
2327,5,9,2017,81.3
2328,6,9,2017,81.415
2329,7,9,2017,81.3
2330,8,9,2017,81.6
2331,11,9,2017,81.565
2332,12,9,2017,82.1
2333,13,9,2017,82.125
2334,14,9,2017,82.225
2335,15,9,2017,82.225
2336,18,9,2017,82.225
2337,19,9,2017,81.7
2338,20,9,2017,81.975
2339,21,9,2017,81.975
2340,22,9,2017,81.975
2341,25,9,2017,81.975
2342,26,9,2017,82.175
2343,27,9,2017,82.45
2344,28,9,2017,82.4
2345,29,9,2017,82.05
2346,2,10,2017,82.05
2347,3,10,2017,81.975
2348,4,10,2017,81.975
2349,5,10,2017,82.11
2350,6,10,2017,82.075
2351,9,10,2017,82.175
2352,10,10,2017,82.1
2353,11,10,2017,82.25
2354,12,10,2017,82.575
2355,13,10,2017,82.45
2356,16,10,2017,82.45
2357,17,10,2017,82.425
2358,18,10,2017,82.39
2359,19,10,2017,82.4
2360,20,10,2017,82.525
2361,23,10,2017,82.55
2362,24,10,2017,82.825
2363,25,10,2017,82.825
2364,26,10,2017,82.91
2365,27,10,2017,83.075
2366,30,10,2017,83.15
2367,31,10,2017,82.975
2368,1,11,2017,82.955
2369,2,11,2017,83.1
2370,3,11,2017,83.04
2371,6,11,2017,83.04
2372,7,11,2017,83.25
2373,8,11,2017,83.35
2374,9,11,2017,83.35
2375,10,11,2017,83.35
2376,13,11,2017,83.35
2377,14,11,2017,83.475
2378,15,11,2017,83.55
2379,16,11,2017,83.6
2380,17,11,2017,83.7
2381,20,11,2017,83.7
2382,21,11,2017,83.95
2383,22,11,2017,84.15
2384,23,11,2017,84.15
2385,24,11,2017,84.15
2386,27,11,2017,84.15
2387,28,11,2017,84.715
2388,29,11,2017,84.955
2389,30,11,2017,82.975
2390,1,12,2017,82.975
2391,4,12,2017,82.975
2392,5,12,2017,82.295
2393,6,12,2017,82.975
2394,7,12,2017,82.975
2395,8,12,2017,82.975
2396,11,12,2017,82.975
2397,12,12,2017,82.975
2398,13,12,2017,82.975
2399,14,12,2017,82.975
2400,15,12,2017,82.975
2401,18,12,2017,82.975
2402,19,12,2017,83.15
2403,20,12,2017,83.15
2404,21,12,2017,83.175
2405,22,12,2017,83.175
2406,25,12,2017,83.175
2407,26,12,2017,83.175
2408,27,12,2017,83.175
2409,28,12,2017,83.175
2410,29,12,2017,83.175
2411,1,1,2018,83.175
2412,2,1,2018,83.175
2413,3,1,2018,83.175
2414,4,1,2018,83.185
2415,5,1,2018,83.185
2416,8,1,2018,83.185
2417,9,1,2018,83.19
2418,10,1,2018,83.19
2419,11,1,2018,83.19
2420,12,1,2018,83.15
2421,15,1,2018,83.15
2422,16,1,2018,82.795
2423,17,1,2018,82.795
2424,18,1,2018,82.825
2425,19,1,2018,82.845
2426,22,1,2018,82.845
2427,23,1,2018,82.875
2428,24,1,2018,83.275
2429,25,1,2018,83.275
2430,26,1,2018,83.275
2431,29,1,2018,83.275
2432,30,1,2018,83.3
2433,31,1,2018,83.3
2434,1,2,2018,83.3
2435,2,2,2018,83.3
2436,5,2,2018,83.3
2437,6,2,2018,83.3
2438,7,2,2018,83.3
2439,8,2,2018,83.3
2440,9,2,2018,83.3
2441,12,2,2018,83.3
2442,13,2,2018,82.895
2443,14,2,2018,83.35
2444,15,2,2018,82.895
2445,16,2,2018,83.35
2446,19,2,2018,83.35
2447,20,2,2018,82.935
2448,21,2,2018,83.45
2449,22,2,2018,83.45
2450,23,2,2018,83.45
2451,26,2,2018,83.45
2452,27,2,2018,83.45
2453,28,2,2018,83.45
2454,1,3,2018,83.475
2455,2,3,2018,82.955
2456,5,3,2018,82.955
2457,6,3,2018,83.485
2458,7,3,2018,83.195
2459,8,3,2018,83.485
2460,9,3,2018,83.295
2461,12,3,2018,83.295
2462,13,3,2018,82.955
2463,14,3,2018,83.49
2464,15,3,2018,83.015
2465,16,3,2018,83.18
2466,19,3,2018,83.18
2467,20,3,2018,83.18
2468,21,3,2018,83.33
2469,22,3,2018,83.01
2470,23,3,2018,82.955
2471,26,3,2018,82.955
2472,27,3,2018,82.955
2473,28,3,2018,82.955
2474,29,3,2018,82.955
2475,30,3,2018,83.18
2476,2,4,2018,83.18
2477,3,4,2018,83.0
2478,4,4,2018,82.955
2479,5,4,2018,82.955
2480,6,4,2018,83.0
2481,9,4,2018,82.95
2482,10,4,2018,83.245
2483,11,4,2018,82.95
2484,12,4,2018,82.975
2485,13,4,2018,83.04
2486,16,4,2018,83.015
2487,17,4,2018,83.0
2488,18,4,2018,83.025
2489,19,4,2018,83.03
2490,20,4,2018,82.95
2491,23,4,2018,83.0
2492,30,4,2018,82.975
2493,1,5,2018,84.67005
2494,2,5,2018,84.77095
2495,3,5,2018,84.59215
2496,4,5,2018,84.75015
2497,5,5,2018,84.73795
2498,6,5,2018,84.65695
2499,7,5,2018,84.65695
2500,8,5,2018,84.70025
2501,9,5,2018,84.71285
2502,10,5,2018,84.72175
2503,11,5,2018,84.81685
2504,12,5,2018,84.75795
2505,13,5,2018,84.75785
2506,14,5,2018,84.58595
2507,15,5,2018,84.64385
2508,16,5,2018,84.83295
2509,17,5,2018,84.83485
2510,18,5,2018,84.82155
2511,19,5,2018,84.80595
2512,20,5,2018,84.73395
2513,21,5,2018,84.73395
2514,22,5,2018,84.80365
2515,23,5,2018,84.80355
2516,24,5,2018,84.63285
2517,25,5,2018,84.50495
2518,26,5,2018,84.52595
2519,27,5,2018,84.52595
2520,28,5,2018,84.52595
2521,29,5,2018,84.58575
2522,30,5,2018,84.52695
2523,31,5,2018,84.44595
2524,1,6,2018,84.50415
2525,2,6,2018,84.52295
2526,3,6,2018,84.79195
2527,4,6,2018,84.79195
2528,5,6,2018,84.77095
2529,6,6,2018,84.66615
2530,7,6,2018,84.65375
2531,8,6,2018,84.62685
2532,9,6,2018,84.70015
2533,10,6,2018,84.32695
2534,11,6,2018,84.32695
2535,12,6,2018,84.60095
2536,13,6,2018,84.61405
2537,14,6,2018,84.53605
2538,15,6,2018,84.59635
2539,16,6,2018,84.54395
2540,17,6,2018,84.54415
2541,18,6,2018,84.54415
2542,19,6,2018,84.50295
2543,20,6,2018,84.51685
2544,21,6,2018,84.50785
2545,22,6,2018,84.51595
2546,23,6,2018,84.48995
2547,24,6,2018,84.48985
2548,25,6,2018,84.48985
2549,26,6,2018,84.37815
2550,27,6,2018,84.52605
2551,28,6,2018,84.52005
2552,29,6,2018,84.32595
2553,30,6,2018,83.6941
2554,1,7,2018,83.69405
2555,2,7,2018,83.69405
2556,3,7,2018,83.47895
2557,4,7,2018,84.28595
2558,5,7,2018,84.17305
2559,6,7,2018,84.12615
2560,7,7,2018,83.93795
2561,8,7,2018,83.93795
2562,9,7,2018,83.45495
2563,10,7,2018,83.46595
2564,11,7,2018,83.78995
2565,12,7,2018,83.87595
2566,13,7,2018,84.05995
2567,14,7,2018,83.77595
2568,15,7,2018,83.77595
2569,16,7,2018,83.77595
2570,17,7,2018,83.41895
2571,18,7,2018,84.46395
2572,19,7,2018,84.51695
2573,20,7,2018,84.55595
2574,21,7,2018,84.43995
2575,22,7,2018,83.92495
2576,23,7,2018,83.92495
2577,24,7,2018,83.90295
2578,25,7,2018,84.50895
2579,26,7,2018,84.47995
2580,27,7,2018,84.49795
2581,28,7,2018,84.50495
2582,29,7,2018,84.50495
2583,30,7,2018,84.50495
2584,31,7,2018,84.35995
2585,1,8,2018,84.45795
2586,2,8,2018,84.51795
2587,3,8,2018,84.61995
2588,4,8,2018,84.45895
2589,5,8,2018,84.45895
2590,6,8,2018,84.45895
2591,7,8,2018,84.55995
2592,8,8,2018,84.48795
2593,9,8,2018,84.49195
2594,10,8,2018,84.50795
2595,11,8,2018,84.49295
2596,12,8,2018,84.49295
2597,13,8,2018,84.49295
2598,14,8,2018,84.49295
2599,15,8,2018,84.49295
2600,16,8,2018,84.49295
2601,17,8,2018,84.49295
2602,18,8,2018,84.49295
2603,19,8,2018,84.49295
2604,20,8,2018,84.49295
2605,21,8,2018,83.93295
2606,22,8,2018,83.81795
2607,23,8,2018,83.78195
2608,24,8,2018,83.86595
2609,25,8,2018,83.47095
2610,26,8,2018,83.47095
2611,27,8,2018,83.47095
2612,28,8,2018,83.45795
2613,29,8,2018,83.47995
2614,30,8,2018,83.58395
2615,31,8,2018,83.91195
2616,1,9,2018,83.84195
2617,2,9,2018,83.84195
2618,3,9,2018,83.84195
2619,4,9,2018,84.12595
2620,5,9,2018,83.94195
2621,6,9,2018,83.81195
2622,7,9,2018,83.79195
2623,8,9,2018,83.90495
2624,9,9,2018,83.90495
2625,10,9,2018,83.90495
2626,11,9,2018,84.12395
2627,12,9,2018,83.90795
2628,13,9,2018,83.72295
2629,14,9,2018,83.82595
2630,15,9,2018,83.81795
2631,16,9,2018,83.81795
2632,17,9,2018,83.81795
2633,18,9,2018,83.76995
2634,19,9,2018,83.89395
2635,20,9,2018,83.94695
2636,21,9,2018,83.98395
2637,22,9,2018,83.78595
2638,23,9,2018,83.74995
2639,24,9,2018,83.74995
2640,25,9,2018,84.10395
2641,26,9,2018,84.09095
2642,27,9,2018,84.05595
2643,28,9,2018,84.03095
2644,29,9,2018,83.81495
2645,30,9,2018,83.81995
2646,1,10,2018,83.81995
2647,2,10,2018,83.81995
2648,3,10,2018,83.81995
2649,4,10,2018,83.81995
2650,5,10,2018,83.81995
2651,6,10,2018,83.81995
2652,7,10,2018,83.81995
2653,8,10,2018,83.81995
2654,9,10,2018,83.81995
2655,10,10,2018,83.81995
2656,11,10,2018,83.81995
2657,12,10,2018,83.81995
2658,13,10,2018,83.81995
2659,14,10,2018,83.81995
2660,15,10,2018,83.81995
2661,16,10,2018,83.81995
2662,17,10,2018,83.81995
2663,18,10,2018,83.81995
2664,19,10,2018,83.81995
2665,20,10,2018,83.81995
2666,21,10,2018,83.81995
2667,22,10,2018,83.81995
2668,23,10,2018,83.81995
2669,24,10,2018,83.81995
2670,25,10,2018,83.81995
2671,26,10,2018,83.81995
2672,27,10,2018,83.81995
2673,28,10,2018,83.81995
2674,29,10,2018,83.81995
2675,30,10,2018,83.81995
2676,31,10,2018,83.81995
2677,1,11,2018,84.05095
2678,2,11,2018,83.82795
2679,3,11,2018,83.84395
2680,4,11,2018,83.84395
2681,5,11,2018,83.84395
2682,6,11,2018,83.86995
2683,7,11,2018,83.80795
2684,8,11,2018,83.89595
2685,9,11,2018,83.83395
2686,10,11,2018,83.79095
2687,11,11,2018,83.79095
2688,12,11,2018,83.79095
2689,13,11,2018,83.80195
2690,14,11,2018,83.83395
2691,15,11,2018,83.86495
2692,16,11,2018,83.89445
2693,17,11,2018,83.70695
2694,18,11,2018,83.11445
2695,19,11,2018,83.11445
2696,20,11,2018,83.13895
2697,21,11,2018,83.20295
2698,22,11,2018,83.55995
2699,23,11,2018,83.91395
2700,24,11,2018,83.85545
2701,25,11,2018,83.92995
2702,26,11,2018,83.92995
2703,27,11,2018,83.89195
2704,28,11,2018,83.87795
2705,29,11,2018,83.90195
2706,30,11,2018,83.85795
2707,1,12,2018,83.81695
2708,2,12,2018,83.81695
2709,3,12,2018,84.18995
2710,4,12,2018,84.12795
2711,5,12,2018,83.88995
2712,6,12,2018,83.90595
2713,7,12,2018,83.86795
2714,8,12,2018,83.73395
2715,9,12,2018,83.73395
2716,10,12,2018,83.73395
2717,11,12,2018,83.85895
2718,12,12,2018,83.87095
2719,13,12,2018,83.89595
2720,14,12,2018,83.91695
2721,15,12,2018,83.79395
2722,16,12,2018,83.79395
2723,17,12,2018,83.79395
2724,18,12,2018,83.89595
2725,19,12,2018,83.89595
2726,20,12,2018,83.90595
2727,21,12,2018,83.92595
2728,22,12,2018,83.63595
2729,23,12,2018,83.63595
2730,24,12,2018,83.63595
2731,25,12,2018,83.93695
2732,26,12,2018,83.94695
2733,27,12,2018,83.94695
2734,28,12,2018,83.81995
2735,29,12,2018,83.74795
2736,30,12,2018,83.74795
2737,31,12,2018,83.74795
2738,1,1,2019,83.64595
2739,2,1,2019,83.70595
2740,3,1,2019,83.91195
2741,4,1,2019,83.96195
2742,5,1,2019,83.84995
2743,6,1,2019,83.84995
2744,7,1,2019,83.84995
2745,8,1,2019,83.92195
2746,9,1,2019,83.93595
2747,10,1,2019,83.95395
2748,11,1,2019,83.94995
2749,12,1,2019,83.71195
2750,13,1,2019,83.71195
2751,14,1,2019,83.71195
2752,15,1,2019,83.92195
2753,16,1,2019,83.95995
2754,17,1,2019,83.90995
2755,18,1,2019,83.90895
2756,19,1,2019,83.67395
2757,20,1,2019,83.67395
2758,21,1,2019,83.67395
2759,22,1,2019,83.98295
2760,23,1,2019,83.92895
2761,24,1,2019,83.93095
2762,25,1,2019,83.89695
2763,26,1,2019,83.76395
2764,27,1,2019,83.36795
2765,28,1,2019,83.36795
2766,29,1,2019,83.43595
2767,30,1,2019,83.55895
2768,31,1,2019,83.73195
2769,1,2,2019,83.80295
2770,2,2,2019,83.70795
2771,3,2,2019,83.70795
2772,4,2,2019,83.70795
2773,5,2,2019,83.92195
2774,6,2,2019,83.93395
2775,7,2,2019,83.91795
2776,8,2,2019,83.90395
2777,9,2,2019,83.83795
2778,10,2,2019,83.86795
2779,11,2,2019,83.86795
2780,12,2,2019,83.90495
2781,13,2,2019,83.96795
2782,14,2,2019,83.94595
2783,15,2,2019,84.01995
2784,16,2,2019,84.03195
2785,17,2,2019,84.03195
2786,18,2,2019,84.03195
2787,19,2,2019,84.03195
2788,20,2,2019,84.03195
2789,21,2,2019,84.03195
2790,22,2,2019,84.03195
2791,23,2,2019,84.03195
2792,24,2,2019,84.03195
2793,25,2,2019,83.98295
2794,26,2,2019,84.14595
2795,27,2,2019,84.14295
2796,28,2,2019,84.16695
2797,1,3,2019,83.86395
2798,2,3,2019,83.86495
2799,3,3,2019,83.86495
2800,4,3,2019,83.86495
2801,5,3,2019,84.09995
2802,6,3,2019,84.14595
2803,7,3,2019,84.11495
2804,8,3,2019,84.08895
2805,9,3,2019,83.84595
2806,10,3,2019,83.84595
2807,11,3,2019,83.66995
2808,12,3,2019,83.82995
2809,13,3,2019,83.95795
2810,14,3,2019,83.97995
2811,15,3,2019,83.99395
2812,16,3,2019,83.95895
2813,17,3,2019,83.95895
2814,18,3,2019,83.95895
2815,19,3,2019,84.24395
2816,20,3,2019,84.36395
2817,21,3,2019,84.33795
2818,22,3,2019,84.23195
2819,23,3,2019,83.91695
2820,24,3,2019,83.91695
2821,25,3,2019,83.75395
2822,26,3,2019,84.16095
2823,27,3,2019,83.93795
2824,28,3,2019,84.21895
2825,29,3,2019,84.24995
2826,30,3,2019,84.05795
2827,31,3,2019,84.05795
2828,1,4,2019,84.05795
2829,2,4,2019,84.17895
2830,3,4,2019,84.23595
2831,4,4,2019,84.24395
2832,5,4,2019,84.29195
2833,6,4,2019,84.45995
2834,7,4,2019,84.45995
2835,8,4,2019,84.45995
2836,9,4,2019,84.17295
2837,10,4,2019,84.33495
2838,11,4,2019,84.34795
2839,12,4,2019,84.53695
2840,13,4,2019,84.53395
2841,14,4,2019,84.53395
2842,15,4,2019,84.39295
2843,16,4,2019,84.28195
2844,17,4,2019,84.35795
2845,18,4,2019,84.36795
2846,19,4,2019,84.34195
2847,20,4,2019,84.48595
2848,21,4,2019,84.48595
2849,22,4,2019,84.48595
2850,23,4,2019,84.41795
2851,24,4,2019,84.36195
2852,25,4,2019,84.38195
2853,26,4,2019,84.36995
2854,27,4,2019,84.05395
2855,28,4,2019,84.05395
2856,29,4,2019,83.83395
2857,30,4,2019,83.86195
2858,1,5,2019,84.44995
2859,2,5,2019,84.41995
2860,3,5,2019,84.41195
2861,4,5,2019,84.37995
2862,5,5,2019,84.37995
2863,6,5,2019,84.37995
2864,7,5,2019,84.28995
2865,8,5,2019,84.45695
2866,9,5,2019,84.49595
2867,10,5,2019,84.51195
2868,11,5,2019,84.36195
2869,12,5,2019,84.36195
2870,13,5,2019,84.36195
2871,14,5,2019,84.42795
2872,15,5,2019,84.45995
2873,16,5,2019,84.50595
2874,17,5,2019,84.48395
2875,18,5,2019,84.24795
2876,19,5,2019,84.24795
2877,20,5,2019,84.24795
2878,21,5,2019,84.38095
2879,22,5,2019,84.49795
2880,23,5,2019,84.61595
2881,24,5,2019,84.58195
2882,25,5,2019,84.24595
2883,26,5,2019,84.09995
2884,27,5,2019,84.09995
2885,28,5,2019,84.12995
2886,29,5,2019,84.19395
2887,30,5,2019,84.62495
2888,31,5,2019,84.47995
2889,1,6,2019,84.43795
2890,2,6,2019,84.43795
2891,3,6,2019,84.01695
2892,4,6,2019,84.09695
2893,5,6,2019,84.59795
2894,6,6,2019,84.73995
2895,7,6,2019,84.63395
2896,8,6,2019,84.52795
2897,9,6,2019,84.52795
2898,10,6,2019,84.52795
2899,11,6,2019,84.31195
2900,12,6,2019,84.46095
2901,13,6,2019,84.49595
2902,14,6,2019,84.58195
2903,15,6,2019,84.60095
2904,16,6,2019,84.60095
2905,17,6,2019,84.73695
2906,18,6,2019,84.75195
2907,19,6,2019,84.55095
2908,20,6,2019,84.50395
2909,21,6,2019,84.48495
2910,22,6,2019,84.27895
2911,23,6,2019,84.27895
2912,24,6,2019,84.27895
2913,25,6,2019,84.46195
2914,26,6,2019,84.53395
2915,27,6,2019,84.50195
2916,28,6,2019,84.52195
2917,29,6,2019,84.56995
2918,30,6,2019,84.56995
2919,1,7,2019,84.56995
2920,2,7,2019,84.80495
2921,3,7,2019,84.54395
2922,4,7,2019,84.49095
2923,5,7,2019,84.49995
2924,6,7,2019,84.49595
2925,7,7,2019,84.51395
2926,8,7,2019,84.51395
2927,9,7,2019,84.52795
2928,10,7,2019,84.49595
2929,11,7,2019,84.49595
2930,12,7,2019,84.40895
2931,13,7,2019,84.47495
2932,14,7,2019,84.47495
2933,15,7,2019,84.47495
2934,16,7,2019,84.45195
2935,17,7,2019,84.47695
2936,18,7,2019,84.51995
2937,19,7,2019,84.49995
2938,20,7,2019,84.49995
2939,21,7,2019,84.49995
2940,22,7,2019,84.50695
2941,23,7,2019,84.51295
2942,24,7,2019,84.50195
2943,25,7,2019,84.51395
2944,26,7,2019,84.49395
2945,27,7,2019,84.44595
2946,28,7,2019,84.44595
2947,29,7,2019,84.44595
2948,30,7,2019,84.50495
2949,31,7,2019,84.46395
2950,1,8,2019,84.45595
2951,2,8,2019,84.51195
2952,3,8,2019,84.48995
2953,4,8,2019,84.48995
2954,5,8,2019,84.48995
2955,6,8,2019,84.47295
2956,7,8,2019,84.48495
2957,8,8,2019,84.48195
2958,9,8,2019,84.50795
2959,10,8,2019,84.44495
2960,11,8,2019,84.44495
2961,12,8,2019,84.44495
2962,13,8,2019,84.47295
2963,14,8,2019,84.60195
2964,15,8,2019,84.48395
2965,16,8,2019,84.46395
2966,17,8,2019,84.54395
2967,18,8,2019,84.54395
2968,19,8,2019,84.54395
2969,20,8,2019,84.46995
2970,21,8,2019,84.50195
2971,22,8,2019,84.48395
2972,23,8,2019,84.54995
2973,24,8,2019,84.41595
2974,25,8,2019,83.01595
2975,26,8,2019,83.01595
2976,27,8,2019,83.74545
2977,28,8,2019,84.49395
2978,29,8,2019,84.51195
2979,30,8,2019,84.51195
2980,31,8,2019,84.48995
2981,1,9,2019,84.48995
2982,2,9,2019,84.48995
2983,3,9,2019,84.67495
2984,4,9,2019,84.49595
2985,5,9,2019,84.49195
2986,6,9,2019,84.42995
2987,7,9,2019,84.55995
2988,8,9,2019,84.55995
2989,9,9,2019,84.54195
2990,10,9,2019,84.33595
2991,11,9,2019,84.33795
2992,12,9,2019,84.47595
2993,13,9,2019,84.49495
2994,14,9,2019,84.49595
2995,15,9,2019,84.49595
2996,16,9,2019,84.49595
2997,17,9,2019,84.52495
2998,18,9,2019,84.58095
2999,19,9,2019,84.49195
3000,20,9,2019,84.50895
3001,21,9,2019,84.51995
3002,22,9,2019,84.51995
3003,23,9,2019,84.51995
3004,24,9,2019,84.52795
3005,25,9,2019,84.48295
3006,26,9,2019,84.51595
3007,27,9,2019,84.46995
3008,28,9,2019,84.54995
3009,29,9,2019,84.54995
3010,30,9,2019,84.54845
3011,1,10,2019,84.66595
3012,2,10,2019,84.25395
3013,3,10,2019,84.19195
3014,4,10,2019,84.21195
3015,5,10,2019,84.55395
3016,6,10,2019,84.57895
3017,7,10,2019,84.57895
3018,8,10,2019,84.58995
3019,9,10,2019,84.59795
3020,10,10,2019,84.62795
3021,11,10,2019,84.64095
3022,12,10,2019,84.67895
3023,13,10,2019,84.67895
3024,14,10,2019,84.711
3025,15,10,2019,84.7332
3026,16,10,2019,84.7417
3027,17,10,2019,84.7403
3028,18,10,2019,84.7221
3029,19,10,2019,84.7131
3030,20,10,2019,84.7131
3031,21,10,2019,84.7131
3032,22,10,2019,84.6917
3033,23,10,2019,84.68785
3034,24,10,2019,84.6895
3035,25,10,2019,84.67895
3036,26,10,2019,84.7157
3037,27,10,2019,84.7157
3038,28,10,2019,84.7157
3039,29,10,2019,84.7998
3040,30,10,2019,84.728
3041,31,10,2019,84.67215
3042,1,11,2019,84.62295
3043,2,11,2019,84.64035
3044,3,11,2019,84.64035
3045,4,11,2019,84.64025
3046,5,11,2019,84.6288
3047,6,11,2019,84.67365
3048,7,11,2019,84.7479
3049,8,11,2019,84.81465
3050,9,11,2019,84.8431
3051,10,11,2019,84.8431
3052,11,11,2019,84.8431
3053,12,11,2019,84.77605
3054,13,11,2019,84.7611
3055,14,11,2019,84.77775
3056,15,11,2019,84.76705
3057,16,11,2019,84.73665
3058,17,11,2019,84.73665
3059,18,11,2019,84.73665
3060,19,11,2019,84.69975
3061,20,11,2019,84.6985
3062,21,11,2019,84.735
3063,22,11,2019,84.7281
3064,23,11,2019,84.77505
3065,24,11,2019,84.77505
3066,25,11,2019,84.77505
3067,26,11,2019,84.79435
3068,27,11,2019,84.80445
3069,28,11,2019,84.8177
3070,29,11,2019,84.85505
3071,30,11,2019,84.8515
3072,1,12,2019,84.845
3073,2,12,2019,84.845
3074,3,12,2019,84.844
3075,4,12,2019,84.8548
3076,5,12,2019,84.8423
3077,6,12,2019,84.83475
3078,7,12,2019,84.82015
3079,8,12,2019,84.82015
3080,9,12,2019,84.822
3081,10,12,2019,84.867
3082,11,12,2019,84.8833
3083,12,12,2019,84.876
3084,13,12,2019,84.7602
3085,14,12,2019,84.76195
3086,15,12,2019,84.76195
3087,16,12,2019,84.76195
3088,17,12,2019,85.1095
3089,18,12,2019,84.95085
3090,19,12,2019,84.9571
3091,20,12,2019,84.9489
3092,21,12,2019,84.94105
3093,22,12,2019,84.94105
3094,23,12,2019,84.94105
3095,24,12,2019,84.9439
3096,25,12,2019,84.9225
3097,26,12,2019,84.90355
3098,27,12,2019,84.8912
3099,28,12,2019,84.8688
3100,29,12,2019,84.8688
3101,30,12,2019,84.8688
3102,31,12,2019,84.8387
3103,1,1,2020,84.81055
3104,2,1,2020,84.81055
3105,3,1,2020,85.0575
3106,4,1,2020,84.98325
3107,5,1,2020,84.98325
3108,6,1,2020,84.98325
3109,7,1,2020,84.90975
3110,8,1,2020,84.9197
3111,9,1,2020,84.88925
3112,10,1,2020,84.89185
3113,11,1,2020,84.8851
3114,12,1,2020,84.8851
3115,13,1,2020,84.60525
3116,14,1,2020,84.6027
3117,15,1,2020,84.73335
3118,16,1,2020,84.7165
3119,17,1,2020,84.7487
3120,18,1,2020,84.81299999999999
3121,19,1,2020,84.83885
3122,20,1,2020,84.83885
3123,21,1,2020,84.90995
3124,22,1,2020,84.89565
3125,23,1,2020,84.90385
3126,24,1,2020,84.88
3127,25,1,2020,84.90235
3128,26,1,2020,84.90235
3129,27,1,2020,84.90235
3130,28,1,2020,84.89775
3131,29,1,2020,84.8946
3132,30,1,2020,84.8601
3133,31,1,2020,84.86155
3134,1,2,2020,84.8106
3135,2,2,2020,84.8106
3136,3,2,2020,84.8106
3137,4,2,2020,84.83255
3138,5,2,2020,84.8425
3139,6,2,2020,84.88865
3140,7,2,2020,84.9498
3141,8,2,2020,84.96985
3142,9,2,2020,84.96985
3143,10,2,2020,84.96985
3144,11,2,2020,84.97865
3145,12,2,2020,85.00125
3146,13,2,2020,84.98635
3147,14,2,2020,84.999
3148,15,2,2020,85.00495
3149,16,2,2020,85.00495
3150,17,2,2020,85.00495
3151,18,2,2020,84.91345
3152,19,2,2020,85.0015
3153,20,2,2020,85.0134
3154,21,2,2020,84.9657
3155,22,2,2020,84.98
3156,23,2,2020,84.98
3157,24,2,2020,84.98
3158,25,2,2020,84.8543
3159,26,2,2020,84.8335
3160,27,2,2020,84.8392
3161,28,2,2020,84.9012
3162,29,2,2020,84.82395
3163,1,3,2020,84.82455
3164,2,3,2020,84.82455
3165,3,3,2020,84.76655
3166,4,3,2020,84.79015
3167,5,3,2020,84.78255
3168,6,3,2020,84.7858
3169,7,3,2020,84.78935
3170,8,3,2020,84.78935
3171,9,3,2020,84.78935
3172,10,3,2020,84.7737
3173,11,3,2020,84.7815
3174,12,3,2020,84.8206
3175,13,3,2020,84.9252
3176,14,3,2020,84.9252
3177,15,3,2020,84.9252
3178,16,3,2020,85.335
3179,17,3,2020,85.0556
3180,18,3,2020,85.0395
3181,19,3,2020,84.9751
3182,20,3,2020,85.0017
3183,21,3,2020,84.6729
3184,22,3,2020,84.6729
3185,23,3,2020,84.6729
3186,24,3,2020,84.74055
3187,25,3,2020,84.74055
3188,26,3,2020,84.68700000000001
3189,27,3,2020,84.68700000000001
3190,28,3,2020,84.64565
3191,29,3,2020,84.64565
3192,30,3,2020,84.64565
3193,31,3,2020,84.9411
3194,1,4,2020,85.36065
3195,2,4,2020,85.1724
3196,3,4,2020,85.1724
3197,4,4,2020,85.1724
3198,5,4,2020,85.1724
3199,6,4,2020,85.1724
3200,7,4,2020,84.85985
3201,8,4,2020,84.9211
3202,9,4,2020,84.94635
3203,10,4,2020,84.94345
3204,11,4,2020,84.94345
3205,12,4,2020,84.94345
3206,13,4,2020,84.94345
3207,14,4,2020,84.94345
3208,15,4,2020,84.78105
3209,16,4,2020,84.7432
3210,17,4,2020,84.751
3211,18,4,2020,84.75845
3212,19,4,2020,84.75845
3213,20,4,2020,84.81375
3214,21,4,2020,84.83965
3215,22,4,2020,84.82955
3216,23,4,2020,84.79625
3217,24,4,2020,84.8412
3218,25,4,2020,84.9263
3219,26,4,2020,84.9263
3220,27,4,2020,84.9263
3221,28,4,2020,84.84275
3222,29,4,2020,84.93565
3223,30,4,2020,84.97545
3224,1,5,2020,84.9525
3225,2,5,2020,84.9525
3226,3,5,2020,84.9525
3227,4,5,2020,84.9525
3228,5,5,2020,84.8583
3229,6,5,2020,84.854
3230,7,5,2020,84.82465
3231,8,5,2020,84.84425
3232,9,5,2020,84.8516
3233,10,5,2020,84.8516
3234,11,5,2020,84.8516
3235,12,5,2020,84.88245
3236,13,5,2020,84.88245
3237,14,5,2020,85.00685
3238,15,5,2020,85.04715
3239,16,5,2020,85.0801
3240,17,5,2020,85.0801
3241,18,5,2020,85.0802
3242,19,5,2020,85.0708
3243,20,5,2020,85.0528
3244,21,5,2020,84.99155
3245,22,5,2020,84.94185
3246,23,5,2020,84.98515
3247,24,5,2020,84.98515
3248,25,5,2020,84.98515
3249,26,5,2020,85.0308
3250,27,5,2020,85.06345
3251,28,5,2020,85.04835
3252,29,5,2020,85.05805
3253,30,5,2020,85.05805
3254,31,5,2020,85.05805
3255,1,6,2020,85.05805
3256,2,6,2020,85.01605
3257,3,6,2020,84.96215
3258,4,6,2020,84.9058
3259,5,6,2020,84.8843
3260,6,6,2020,84.88995
3261,7,6,2020,84.88995
3262,8,6,2020,84.88995
3263,9,6,2020,84.9108
3264,10,6,2020,84.91315
3265,11,6,2020,84.92025
3266,12,6,2020,84.88875
3267,13,6,2020,85.0478
3268,14,6,2020,85.0478
3269,15,6,2020,84.92955
3270,16,6,2020,85.0013
3271,17,6,2020,84.97295
3272,18,6,2020,85.0098
3273,19,6,2020,85.0098
3274,20,6,2020,85.0098
3275,21,6,2020,85.0098
3276,22,6,2020,85.0098
3277,23,6,2020,84.96345
3278,24,6,2020,84.86615
3279,25,6,2020,84.88825
3280,26,6,2020,84.90435
3281,27,6,2020,84.8671
3282,28,6,2020,84.8671
3283,29,6,2020,84.8671
3284,30,6,2020,84.84485
3285,1,7,2020,85.0581
3286,2,7,2020,84.91345
3287,3,7,2020,84.8935
3288,4,7,2020,84.93225
3289,5,7,2020,84.93225
3290,6,7,2020,84.93225
3291,7,7,2020,84.86715
3292,8,7,2020,84.82185
3293,9,7,2020,84.8151
3294,10,7,2020,84.60325
3295,11,7,2020,84.8047
3296,12,7,2020,84.8047
3297,13,7,2020,84.83715
3298,14,7,2020,84.8302
3299,15,7,2020,84.80885
3300,16,7,2020,84.81145
3301,17,7,2020,84.79465
3302,18,7,2020,84.7841
3303,19,7,2020,84.7841
3304,20,7,2020,84.7841
3305,21,7,2020,84.76899999999999
3306,22,7,2020,84.7776
3307,23,7,2020,84.80795
3308,24,7,2020,84.79615
3309,25,7,2020,84.76799999999999
3310,26,7,2020,84.76799999999999
3311,27,7,2020,84.76799999999999
3312,28,7,2020,84.77005
3313,29,7,2020,84.74515
3314,30,7,2020,84.8926
3315,31,7,2020,84.7437
3316,1,8,2020,84.60265
3317,2,8,2020,84.60265
3318,3,8,2020,84.60265
3319,4,8,2020,84.74655
3320,5,8,2020,84.7313
3321,6,8,2020,84.69065
3322,7,8,2020,84.68915
3323,8,8,2020,84.7485
3324,9,8,2020,84.7485
3325,10,8,2020,84.7485
3326,11,8,2020,84.78535
3327,12,8,2020,84.90055
3328,13,8,2020,84.96725
3329,14,8,2020,84.9347
3330,15,8,2020,84.9305
3331,16,8,2020,84.9305
3332,17,8,2020,84.9305
3333,18,8,2020,84.87185
3334,19,8,2020,84.79685
3335,20,8,2020,84.6331
3336,21,8,2020,84.84225
3337,22,8,2020,84.7282
3338,23,8,2020,84.7282
3339,24,8,2020,84.7282
3340,25,8,2020,84.7654
3341,26,8,2020,84.8053
3342,27,8,2020,84.7974
3343,28,8,2020,84.81
3344,29,8,2020,84.80085
3345,30,8,2020,84.80085
3346,31,8,2020,84.80085
3347,1,9,2020,84.76935
3348,2,9,2020,84.75565
3349,3,9,2020,84.75885
3350,4,9,2020,84.8043
3351,5,9,2020,84.7916
3352,6,9,2020,84.7916
3353,7,9,2020,84.7916
3354,8,9,2020,84.8006
3355,9,9,2020,84.83735
3356,10,9,2020,84.85665
3357,11,9,2020,84.78285
3358,12,9,2020,84.80535
3359,13,9,2020,84.80535
3360,14,9,2020,84.80535
3361,15,9,2020,84.8108
3362,16,9,2020,84.88225
3363,17,9,2020,85.31915
3364,18,9,2020,85.34935
3365,19,9,2020,85.01875
3366,20,9,2020,85.01875
3367,21,9,2020,85.01875
3368,22,9,2020,84.9218
3369,23,9,2020,84.9313
3370,24,9,2020,84.8862
3371,25,9,2020,84.87799999999999
3372,26,9,2020,84.87175
3373,27,9,2020,84.87175
3374,28,9,2020,84.87175
3375,29,9,2020,84.87755
3376,30,9,2020,84.74635
3377,1,10,2020,84.6958
3378,2,10,2020,84.71045
3379,3,10,2020,84.74275
3380,4,10,2020,84.74275
3381,5,10,2020,84.74275
3382,6,10,2020,84.72925
3383,7,10,2020,84.6899
3384,8,10,2020,84.80015
3385,9,10,2020,84.7918
3386,10,10,2020,84.8004
3387,11,10,2020,84.8004
3388,12,10,2020,84.8004
3389,13,10,2020,84.809
3390,14,10,2020,84.79565
3391,15,10,2020,84.86105
3392,16,10,2020,84.8312
3393,17,10,2020,84.82645
3394,18,10,2020,84.82645
3395,19,10,2020,84.82645
3396,20,10,2020,84.8177
3397,21,10,2020,84.7137
3398,22,10,2020,84.71645
3399,23,10,2020,84.75585
3400,24,10,2020,84.79285
3401,25,10,2020,84.79285
3402,26,10,2020,84.79285
3403,27,10,2020,84.7996
3404,28,10,2020,84.7992
3405,29,10,2020,84.807
3406,30,10,2020,84.7836
3407,31,10,2020,84.8219
0,0,0,0,0
0,0,0,0,0
0,0,0,0,0
0,0,0,0,0
0,0,0,0,0
0,0,0,0,0
0,0,0,0,0
0,0,0,0,0
0,0,0,0,0
0,0,0,0,0
0,0,0,0,0
0,0,0,0,0
0,0,0,0,0
0,0,0,0,0
0,0,0,0,0
0,0,0,0,0
0,0,0,0,0
0,0,0,0,0
0,0,0,0,0
0,0,0,0,0
0,0,0,0,0
0,0,0,0,0
0,0,0,0,0
0,0,0,0,0
0,0,0,0,0
0,0,0,0,0
0,0,0,0,0
0,0,0,0,0
0,0,0,0,0
0,0,0,0,0
0,0,0,0,0
0,0,0,0,0
0,0,0,0,0
0,0,0,0,0
0,0,0,0,0
0,0,0,0,0
0,0,0,0,0
0,0,0,0,0
0,0,0,0,0
0,0,0,0,0
0,0,0,0,0
0,0,0,0,0
0,0,0,0,0
0,0,0,0,0
0,0,0,0,0
0,0,0,0,0
0,0,0,0,0
0,0,0,0,0
0,0,0,0,0
0,0,0,0,0
0,0,0,0,0
0,0,0,0,0
0,0,0,0,0
0,0,0,0,0
0,0,0,0,0
0,0,0,0,0
0,0,0,0,0
0,0,0,0,0
0,0,0,0,0
0,0,0,0,0
0,0,0,0,0
0,0,0,0,0
0,0,0,0,0
0,0,0,0,0
0,0,0,0,0
0,0,0,0,0
0,0,0,0,0
0,0,0,0,0
0,0,0,0,0
0,0,0,0,0
0,0,0,0,0
0,0,0,0,0
0,0,0,0,0
0,0,0,0,0
0,0,0,0,0
0,0,0,0,0
0,0,0,0,0
0,0,0,0,0
0,0,0,0,0
0,0,0,0,0
0,0,0,0,0
0,0,0,0,0
0,0,0,0,0
0,0,0,0,0
0,0,0,0,0
0,0,0,0,0
0,0,0,0,0
0,0,0,0,0
0,0,0,0,0
0,0,0,0,0
0,0,0,0,0
0,0,0,0,0
0,0,0,0,0
0,0,0,0,0
0,0,0,0,0
0,0,0,0,0
0,0,0,0,0
0,0,0,0,0
0,0,0,0,0
0,0,0,0,0
0,0,0,0,0
0,0,0,0,0
0,0,0,0,0
0,0,0,0,0
0,0,0,0,0
0,0,0,0,0
0,0,0,0,0
0,0,0,0,0
0,0,0,0,0
0,0,0,0,0
0,0,0,0,0
0,0,0,0,0
0,0,0,0,0
0,0,0,0,0
0,0,0,0,0
0,0,0,0,0
0,0,0,0,0
0,0,0,0,0
0,0,0,0,0
0,0,0,0,0
0,0,0,0,0
0,0,0,0,0
0,0,0,0,0
0,0,0,0,0
0,0,0,0,0
0,0,0,0,0
0,0,0,0,0
0,0,0,0,0
0,0,0,0,0
0,0,0,0,0
0,0,0,0,0
0,0,0,0,0
0,0,0,0,0
0,0,0,0,0
0,0,0,0,0
0,0,0,0,0
0,0,0,0,0
0,0,0,0,0
0,0,0,0,0
0,0,0,0,0
0,0,0,0,0
0,0,0,0,0
0,0,0,0,0
0,0,0,0,0
0,0,0,0,0
0,0,0,0,0
0,0,0,0,0
0,0,0,0,0
0,0,0,0,0
0,0,0,0,0
0,0,0,0,0
0,0,0,0,0
0,0,0,0,0
0,0,0,0,0
0,0,0,0,0
0,0,0,0,0
0,0,0,0,0
0,0,0,0,0
0,0,0,0,0
0,0,0,0,0
0,0,0,0,0
0,0,0,0,0
0,0,0,0,0
0,0,0,0,0
0,0,0,0,0
0,0,0,0,0
0,0,0,0,0
0,0,0,0,0
0,0,0,0,0
0,0,0,0,0
0,0,0,0,0
0,0,0,0,0
0,0,0,0,0
0,0,0,0,0
0,0,0,0,0
0,0,0,0,0
0,0,0,0,0
0,0,0,0,0
0,0,0,0,0
0,0,0,0,0
0,0,0,0,0
0,0,0,0,0
0,0,0,0,0
0,0,0,0,0
0,0,0,0,0
0,0,0,0,0
0,0,0,0,0
0,0,0,0,0
0,0,0,0,0
0,0,0,0,0
0,0,0,0,0
0,0,0,0,0
0,0,0,0,0
0,0,0,0,0
0,0,0,0,0
0,0,0,0,0
0,0,0,0,0
0,0,0,0,0
0,0,0,0,0
0,0,0,0,0
0,0,0,0,0
0,0,0,0,0
0,0,0,0,0
0,0,0,0,0
0,0,0,0,0
0,0,0,0,0
0,0,0,0,0
0,0,0,0,0
0,0,0,0,0
0,0,0,0,0
0,0,0,0,0
0,0,0,0,0
0,0,0,0,0
0,0,0,0,0
0,0,0,0,0
0,0,0,0,0
0,0,0,0,0
0,0,0,0,0
0,0,0,0,0
0,0,0,0,0
0,0,0,0,0
0,0,0,0,0
0,0,0,0,0
0,0,0,0,0
0,0,0,0,0
0,0,0,0,0
0,0,0,0,0
0,0,0,0,0
0,0,0,0,0
0,0,0,0,0
0,0,0,0,0
0,0,0,0,0
0,0,0,0,0
0,0,0,0,0
0,0,0,0,0
0,0,0,0,0
0,0,0,0,0
0,0,0,0,0
0,0,0,0,0
0,0,0,0,0
0,0,0,0,0
0,0,0,0,0
0,0,0,0,0
0,0,0,0,0
0,0,0,0,0
0,0,0,0,0
0,0,0,0,0
0,0,0,0,0
0,0,0,0,0
0,0,0,0,0
0,0,0,0,0
0,0,0,0,0
0,0,0,0,0
0,0,0,0,0
0,0,0,0,0
0,0,0,0,0
0,0,0,0,0
0,0,0,0,0
0,0,0,0,0
0,0,0,0,0
0,0,0,0,0
0,0,0,0,0
0,0,0,0,0
0,0,0,0,0
0,0,0,0,0
0,0,0,0,0
0,0,0,0,0
0,0,0,0,0
0,0,0,0,0
0,0,0,0,0
0,0,0,0,0
0,0,0,0,0
0,0,0,0,0
0,0,0,0,0
0,0,0,0,0
0,0,0,0,0
0,0,0,0,0
0,0,0,0,0
0,0,0,0,0
0,0,0,0,0
0,0,0,0,0
0,0,0,0,0
0,0,0,0,0
0,0,0,0,0
0,0,0,0,0
0,0,0,0,0
0,0,0,0,0
0,0,0,0,0
0,0,0,0,0
0,0,0,0,0
0,0,0,0,0
0,0,0,0,0
0,0,0,0,0
0,0,0,0,0
0,0,0,0,0
0,0,0,0,0
0,0,0,0,0
0,0,0,0,0
0,0,0,0,0
0,0,0,0,0
0,0,0,0,0
0,0,0,0,0
0,0,0,0,0
0,0,0,0,0
0,0,0,0,0
0,0,0,0,0
0,0,0,0,0
0,0,0,0,0
0,0,0,0,0
0,0,0,0,0
0,0,0,0,0
0,0,0,0,0
0,0,0,0,0
0,0,0,0,0
0,0,0,0,0
0,0,0,0,0
0,0,0,0,0
0,0,0,0,0
0,0,0,0,0
0,0,0,0,0
0,0,0,0,0
0,0,0,0,0
0,0,0,0,0
0,0,0,0,0
0,0,0,0,0
0,0,0,0,0
0,0,0,0,0
0,0,0,0,0
0,0,0,0,0
0,0,0,0,0
0,0,0,0,0
0,0,0,0,0
0,0,0,0,0
0,0,0,0,0
0,0,0,0,0
0,0,0,0,0
0,0,0,0,0
0,0,0,0,0
0,0,0,0,0
0,0,0,0,0
0,0,0,0,0
0,0,0,0,0
0,0,0,0,0
0,0,0,0,0
0,0,0,0,0
0,0,0,0,0
0,0,0,0,0
0,0,0,0,0
0,0,0,0,0
0,0,0,0,0
0,0,0,0,0
0,0,0,0,0
0,0,0,0,0
0,0,0,0,0
0,0,0,0,0
0,0,0,0,0
0,0,0,0,0
0,0,0,0,0
0,0,0,0,0
0,0,0,0,0
0,0,0,0,0
0,0,0,0,0
0,0,0,0,0
0,0,0,0,0
0,0,0,0,0
0,0,0,0,0
0,0,0,0,0
0,0,0,0,0
0,0,0,0,0
0,0,0,0,0
0,0,0,0,0
0,0,0,0,0
0,0,0,0,0
0,0,0,0,0
0,0,0,0,0
0,0,0,0,0
0,0,0,0,0
0,0,0,0,0
0,0,0,0,0
0,0,0,0,0
0,0,0,0,0
0,0,0,0,0
0,0,0,0,0
0,0,0,0,0
0,0,0,0,0
0,0,0,0,0
0,0,0,0,0
0,0,0,0,0
0,0,0,0,0
0,0,0,0,0
0,0,0,0,0
0,0,0,0,0
0,0,0,0,0
0,0,0,0,0
0,0,0,0,0
0,0,0,0,0
0,0,0,0,0
0,0,0,0,0
0,0,0,0,0
0,0,0,0,0
0,0,0,0,0
0,0,0,0,0
0,0,0,0,0
0,0,0,0,0
0,0,0,0,0
0,0,0,0,0
0,0,0,0,0
0,0,0,0,0
0,0,0,0,0
0,0,0,0,0
0,0,0,0,0
0,0,0,0,0
0,0,0,0,0
0,0,0,0,0
0,0,0,0,0
0,0,0,0,0
0,0,0,0,0
0,0,0,0,0
0,0,0,0,0
0,0,0,0,0
0,0,0,0,0
0,0,0,0,0
0,0,0,0,0
0,0,0,0,0
0,0,0,0,0
0,0,0,0,0
0,0,0,0,0
0,0,0,0,0
0,0,0,0,0
0,0,0,0,0
0,0,0,0,0
0,0,0,0,0
0,0,0,0,0
0,0,0,0,0
0,0,0,0,0
0,0,0,0,0
0,0,0,0,0
0,0,0,0,0
0,0,0,0,0
0,0,0,0,0
0,0,0,0,0
0,0,0,0,0
0,0,0,0,0
0,0,0,0,0
0,0,0,0,0
0,0,0,0,0
0,0,0,0,0
0,0,0,0,0
0,0,0,0,0
0,0,0,0,0
0,0,0,0,0
0,0,0,0,0
0,0,0,0,0
0,0,0,0,0
0,0,0,0,0
0,0,0,0,0
0,0,0,0,0
0,0,0,0,0
0,0,0,0,0
0,0,0,0,0
0,0,0,0,0
0,0,0,0,0
0,0,0,0,0
0,0,0,0,0
0,0,0,0,0
0,0,0,0,0
0,0,0,0,0
0,0,0,0,0
0,0,0,0,0
0,0,0,0,0
0,0,0,0,0
0,0,0,0,0
0,0,0,0,0
0,0,0,0,0
0,0,0,0,0
0,0,0,0,0
0,0,0,0,0
0,0,0,0,0
0,0,0,0,0
0,0,0,0,0
0,0,0,0,0
0,0,0,0,0
0,0,0,0,0
0,0,0,0,0
0,0,0,0,0
0,0,0,0,0
0,0,0,0,0
0,0,0,0,0
0,0,0,0,0
0,0,0,0,0
0,0,0,0,0
0,0,0,0,0
0,0,0,0,0
0,0,0,0,0
0,0,0,0,0
0,0,0,0,0
0,0,0,0,0
0,0,0,0,0
0,0,0,0,0
0,0,0,0,0
0,0,0,0,0
0,0,0,0,0
0,0,0,0,0
0,0,0,0,0
0,0,0,0,0
0,0,0,0,0
0,0,0,0,0
0,0,0,0,0
0,0,0,0,0
0,0,0,0,0
0,0,0,0,0
0,0,0,0,0
0,0,0,0,0
0,0,0,0,0
0,0,0,0,0
0,0,0,0,0
0,0,0,0,0
0,0,0,0,0
0,0,0,0,0
0,0,0,0,0
0,0,0,0,0
0,0,0,0,0
0,0,0,0,0
0,0,0,0,0
0,0,0,0,0
0,0,0,0,0
0,0,0,0,0
0,0,0,0,0
0,0,0,0,0
0,0,0,0,0
0,0,0,0,0
0,0,0,0,0
0,0,0,0,0
0,0,0,0,0
0,0,0,0,0
0,0,0,0,0
0,0,0,0,0
0,0,0,0,0
0,0,0,0,0
0,0,0,0,0
0,0,0,0,0
0,0,0,0,0
0,0,0,0,0
0,0,0,0,0
0,0,0,0,0
0,0,0,0,0
0,0,0,0,0
0,0,0,0,0
0,0,0,0,0
0,0,0,0,0
0,0,0,0,0
0,0,0,0,0
0,0,0,0,0
0,0,0,0,0
0,0,0,0,0
0,0,0,0,0
0,0,0,0,0
0,0,0,0,0
0,0,0,0,0
0,0,0,0,0
0,0,0,0,0
0,0,0,0,0
0,0,0,0,0
0,0,0,0,0
0,0,0,0,0
0,0,0,0,0
0,0,0,0,0
0,0,0,0,0
0,0,0,0,0
0,0,0,0,0
0,0,0,0,0
0,0,0,0,0
0,0,0,0,0
0,0,0,0,0
0,0,0,0,0
0,0,0,0,0
0,0,0,0,0
0,0,0,0,0
0,0,0,0,0
0,0,0,0,0
0,0,0,0,0
0,0,0,0,0
0,0,0,0,0
0,0,0,0,0
0,0,0,0,0
0,0,0,0,0
0,0,0,0,0
0,0,0,0,0
0,0,0,0,0
0,0,0,0,0
0,0,0,0,0
0,0,0,0,0
0,0,0,0,0
0,0,0,0,0
0,0,0,0,0
0,0,0,0,0
0,0,0,0,0
0,0,0,0,0
0,0,0,0,0
0,0,0,0,0
0,0,0,0,0
0,0,0,0,0
0,0,0,0,0
0,0,0,0,0