4,1,2010,68.875
5,1,2010,68.875
6,1,2010,69.105
7,1,2010,69.105
8,1,2010,69.105
9,1,2010,0
10,1,2010,0
11,1,2010,69.105
12,1,2010,69.925
13,1,2010,69.105
14,1,2010,69.105
15,1,2010,69.105
16,1,2010,0
17,1,2010,0
18,1,2010,68.825
19,1,2010,69.075
20,1,2010,69.005
21,1,2010,68.845
22,1,2010,69.005
23,1,2010,0
24,1,2010,0
25,1,2010,69.005
26,1,2010,68.975
27,1,2010,69.225
28,1,2010,68.975
29,1,2010,68.975
30,1,2010,0
31,1,2010,0
1,2,2010,68.975
2,2,2010,68.975
3,2,2010,68.975
4,2,2010,69.025
5,2,2010,68.975
6,2,2010,0
7,2,2010,0
8,2,2010,68.975
9,2,2010,68.975
10,2,2010,69.125
11,2,2010,69.125
12,2,2010,69.125
13,2,2010,0
14,2,2010,0
15,2,2010,69.125
16,2,2010,69.125
17,2,2010,69.125
18,2,2010,69.125
19,2,2010,69.125
20,2,2010,0
21,2,2010,0
22,2,2010,69.125
23,2,2010,69.125
24,2,2010,69.125
25,2,2010,69.125
26,2,2010,69.125
27,2,2010,0
28,2,2010,0
1,3,2010,69.125
2,3,2010,69.325
3,3,2010,69.125
4,3,2010,69.125
5,3,2010,69.125
6,3,2010,0
7,3,2010,0
8,3,2010,0
9,3,2010,69.125
10,3,2010,69.125
11,3,2010,69.125
12,3,2010,69.125
13,3,2010,0
14,3,2010,0
15,3,2010,69.125
16,3,2010,69.125
17,3,2010,69.125
18,3,2010,69.325
19,3,2010,69.125
20,3,2010,0
21,3,2010,0
22,3,2010,0
23,3,2010,69.125
24,3,2010,69.125
25,3,2010,69.375
26,3,2010,69.325
27,3,2010,0
28,3,2010,0
29,3,2010,69.325
30,3,2010,69.325
31,3,2010,69.325
1,4,2010,69.325
2,4,2010,69.075
3,4,2010,0
4,4,2010,0
5,4,2010,68.875
6,4,2010,68.875
7,4,2010,69.075
8,4,2010,69.075
9,4,2010,69.075
10,4,2010,0
11,4,2010,0
12,4,2010,0
13,4,2010,69.075
14,4,2010,69.075
15,4,2010,69.075
16,4,2010,69.075
17,4,2010,0
18,4,2010,0
19,4,2010,0
20,4,2010,69.095
21,4,2010,69.095
22,4,2010,69.095
23,4,2010,69.095
24,4,2010,0
25,4,2010,0
26,4,2010,69.075
27,4,2010,69.075
28,4,2010,69.075
29,4,2010,69.375
30,4,2010,69.075
1,5,2010,0
2,5,2010,0
3,5,2010,69.075
4,5,2010,69.075
5,5,2010,69.075
6,5,2010,69.075
7,5,2010,69.075
8,5,2010,0
9,5,2010,0
10,5,2010,69.075
11,5,2010,69.075
12,5,2010,0
13,5,2010,69.375
14,5,2010,69.375
15,5,2010,0
16,5,2010,0
17,5,2010,69.375
18,5,2010,69.375
19,5,2010,69.375
20,5,2010,69.375
21,5,2010,69.375
22,5,2010,0
23,5,2010,0
24,5,2010,69.425
25,5,2010,69.375
26,5,2010,69.475
27,5,2010,69.025
28,5,2010,69.025
29,5,2010,0
30,5,2010,0
31,5,2010,69.025
1,6,2010,69.025
2,6,2010,69.425
3,6,2010,69.395
4,6,2010,69.395
5,6,2010,0
6,6,2010,0
7,6,2010,69.405
8,6,2010,69.445
9,6,2010,69.425
10,6,2010,69.375
11,6,2010,69.375
12,6,2010,0
13,6,2010,0
14,6,2010,0
15,6,2010,69.425
16,6,2010,69.375
17,6,2010,69.375
18,6,2010,69.375
19,6,2010,0
20,6,2010,0
21,6,2010,69.475
22,6,2010,69.505
23,6,2010,69.525
24,6,2010,69.375
25,6,2010,69.525
26,6,2010,0
27,6,2010,0
28,6,2010,69.375
29,6,2010,69.545
30,6,2010,69.625
1,7,2010,69.625
2,7,2010,69.375
3,7,2010,0
4,7,2010,0
5,7,2010,69.525
6,7,2010,69.545
7,7,2010,69.525
8,7,2010,69.525
9,7,2010,69.525
10,7,2010,0
11,7,2010,0
12,7,2010,69.525
13,7,2010,69.575
14,7,2010,69.575
15,7,2010,69.545
16,7,2010,69.525
17,7,2010,0
18,7,2010,0
19,7,2010,69.525
20,7,2010,69.525
21,7,2010,69.525
22,7,2010,69.525
23,7,2010,69.525
24,7,2010,0
25,7,2010,0
26,7,2010,69.525
27,7,2010,69.525
28,7,2010,69.525
29,7,2010,69.525
30,7,2010,69.525
31,7,2010,0
1,8,2010,0
2,8,2010,69.525
3,8,2010,69.525
4,8,2010,69.525
5,8,2010,69.525
6,8,2010,69.525
7,8,2010,0
8,8,2010,0
9,8,2010,69.525
10,8,2010,0
11,8,2010,0
12,8,2010,69.525
13,8,2010,69.525
14,8,2010,0
15,8,2010,0
16,8,2010,69.145
17,8,2010,69.525
18,8,2010,69.525
19,8,2010,69.525
20,8,2010,69.175
21,8,2010,0
22,8,2010,0
23,8,2010,69.625
24,8,2010,69.125
25,8,2010,69.675
26,8,2010,69.675
27,8,2010,69.675
28,8,2010,0
29,8,2010,0
30,8,2010,0
31,8,2010,0
1,9,2010,69.525
2,9,2010,69.225
3,9,2010,69.705
4,9,2010,0
5,9,2010,0
6,9,2010,69.525
7,9,2010,69.525
8,9,2010,69.525
9,9,2010,69.525
10,9,2010,69.175
11,9,2010,0
12,9,2010,0
13,9,2010,0
14,9,2010,69.695
15,9,2010,0
16,9,2010,69.695
17,9,2010,69.705
18,9,2010,0
19,9,2010,0
20,9,2010,69.705
21,9,2010,69.725
22,9,2010,69.775
23,9,2010,69.775
24,9,2010,69.525
25,9,2010,0
26,9,2010,0
27,9,2010,69.325
28,9,2010,69.525
29,9,2010,69.525
30,9,2010,69.345
1,10,2010,69.325
2,10,2010,0
3,10,2010,0
4,10,2010,69.325
5,10,2010,70.625
6,10,2010,70.425
7,10,2010,69.925
8,10,2010,69.925
9,10,2010,0
10,10,2010,0
11,10,2010,69.925
12,10,2010,70.375
13,10,2010,70.225
14,10,2010,70.225
15,10,2010,70.225
16,10,2010,0
17,10,2010,0
18,10,2010,70.225
19,10,2010,70.225
20,10,2010,70.225
21,10,2010,0
22,10,2010,69.975
23,10,2010,0
24,10,2010,0
25,10,2010,69.975
26,10,2010,69.975
27,10,2010,70.925
28,10,2010,70.675
29,10,2010,70.825
30,10,2010,0
31,10,2010,0
1,11,2010,70.825
2,11,2010,70.725
3,11,2010,70.645
4,11,2010,70.725
5,11,2010,70.525
6,11,2010,0
7,11,2010,0
8,11,2010,70.455
9,11,2010,70.525
10,11,2010,70.525
11,11,2010,70.525
12,11,2010,70.525
13,11,2010,0
14,11,2010,0
15,11,2010,70.425
16,11,2010,70.425
17,11,2010,70.425
18,11,2010,70.425
19,11,2010,70.425
20,11,2010,0
21,11,2010,0
22,11,2010,70.425
23,11,2010,70.445
24,11,2010,70.475
25,11,2010,70.475
26,11,2010,70.425
27,11,2010,0
28,11,2010,0
29,11,2010,70.425
30,11,2010,70.475
1,12,2010,70.475
2,12,2010,70.475
3,12,2010,70.575
4,12,2010,0
5,12,2010,0
6,12,2010,0
7,12,2010,70.675
8,12,2010,70.705
9,12,2010,70.705
10,12,2010,70.725
11,12,2010,0
12,12,2010,0
13,12,2010,70.745
14,12,2010,70.575
15,12,2010,70.575
16,12,2010,70.575
17,12,2010,70.575
18,12,2010,0
19,12,2010,0
20,12,2010,70.575
21,12,2010,70.775
22,12,2010,70.575
23,12,2010,70.575
24,12,2010,70.575
25,12,2010,0
26,12,2010,0
27,12,2010,70.775
28,12,2010,70.775
29,12,2010,70.575
30,12,2010,70.575
31,12,2010,70.575
1,1,2011,0
2,1,2011,0
3,1,2011,70.575
4,1,2011,71.075
5,1,2011,71.075
6,1,2011,71.075
7,1,2011,71.025
8,1,2011,0
9,1,2011,0
10,1,2011,71.025
11,1,2011,71.025
12,1,2011,71.075
13,1,2011,71.075
14,1,2011,71.075
15,1,2011,0
16,1,2011,0
17,1,2011,71.075
18,1,2011,71.125
19,1,2011,71.185
20,1,2011,71.075
21,1,2011,71.075
22,1,2011,0
23,1,2011,0
24,1,2011,71.075
25,1,2011,71.075
26,1,2011,70.825
27,1,2011,70.825
28,1,2011,70.825
29,1,2011,0
30,1,2011,0
31,1,2011,70.725
1,2,2011,70.725
2,2,2011,71.075
3,2,2011,71.075
4,2,2011,71.225
5,2,2011,0
6,2,2011,0
7,2,2011,71.225
8,2,2011,71.225
9,2,2011,71.225
10,2,2011,71.075
11,2,2011,71.075
12,2,2011,0
13,2,2011,0
14,2,2011,71.125
15,2,2011,71.045
16,2,2011,71.045
17,2,2011,71.04245
18,2,2011,71.04245
19,2,2011,0
20,2,2011,0
21,2,2011,70.26995
22,2,2011,71.02745
23,2,2011,71.025
24,2,2011,71.04845
25,2,2011,71.05095
26,2,2011,0
27,2,2011,0
28,2,2011,70.98695
1,3,2011,71.025
2,3,2011,71.35745
3,3,2011,71.39445
4,3,2011,71.49995
5,3,2011,0
6,3,2011,0
7,3,2011,71.48745
8,3,2011,71.46645
9,3,2011,71.56345
10,3,2011,71.53595
11,3,2011,71.65295
12,3,2011,0
13,3,2011,0
14,3,2011,70.88795
15,3,2011,71.59295
16,3,2011,71.56345
17,3,2011,71.95695
18,3,2011,71.96495
19,3,2011,0
20,3,2011,0
21,3,2011,71.71595
22,3,2011,71.76745
23,3,2011,72.16645
24,3,2011,72.68395
25,3,2011,72.46645
26,3,2011,0
27,3,2011,0
28,3,2011,72.94395
29,3,2011,72.70745
30,3,2011,72.51495
31,3,2011,72.73795
1,4,2011,72.50545
2,4,2011,0
3,4,2011,0
4,4,2011,72.13695
5,4,2011,72.75995
6,4,2011,72.74895
7,4,2011,72.80495
8,4,2011,72.68145
9,4,2011,0
10,4,2011,0
11,4,2011,72.82695
12,4,2011,72.85795
13,4,2011,72.69195
14,4,2011,72.73495
15,4,2011,72.93445
16,4,2011,0
17,4,2011,0
18,4,2011,72.95345
19,4,2011,72.925
20,4,2011,72.85295
21,4,2011,72.83745
22,4,2011,72.90345
23,4,2011,0
24,4,2011,0
25,4,2011,73.15045
26,4,2011,73.15045
27,4,2011,72.945
28,4,2011,72.94995
29,4,2011,72.90645
30,4,2011,0
1,5,2011,0
2,5,2011,73.17295
3,5,2011,72.86995
4,5,2011,72.91295
5,5,2011,72.98245
6,5,2011,73.12945
7,5,2011,0
8,5,2011,0
9,5,2011,74.16045
10,5,2011,73.14495
11,5,2011,73.14745
12,5,2011,73.11995
13,5,2011,73.10295
14,5,2011,0
15,5,2011,0
16,5,2011,74.04295
17,5,2011,73.17995
18,5,2011,73.15195
19,5,2011,73.14995
20,5,2011,73.12495
21,5,2011,0
22,5,2011,0
23,5,2011,73.58645
24,5,2011,73.32295
25,5,2011,73.29195
26,5,2011,73.29095
27,5,2011,73.39045
28,5,2011,0
29,5,2011,0
30,5,2011,73.05645
31,5,2011,73.42295
1,6,2011,73.525
2,6,2011,73.54545
3,6,2011,73.60495
4,6,2011,0
5,6,2011,0
6,6,2011,72.86345
7,6,2011,73.65395
8,6,2011,73.80245
9,6,2011,73.77595
10,6,2011,73.82645
11,6,2011,0
12,6,2011,0
13,6,2011,74.33595
14,6,2011,73.91295
15,6,2011,73.92495
16,6,2011,73.87895
17,6,2011,73.86395
18,6,2011,0
19,6,2011,0
20,6,2011,73.78895
21,6,2011,73.93945
22,6,2011,74.00645
23,6,2011,74.00745
24,6,2011,73.85545
25,6,2011,0
26,6,2011,0
27,6,2011,73.98045
28,6,2011,73.78245
29,6,2011,74.09545
30,6,2011,74.05545
1,7,2011,73.90795
2,7,2011,0
3,7,2011,0
4,7,2011,74.04795
5,7,2011,74.22445
6,7,2011,74.26745
7,7,2011,74.28095
8,7,2011,74.31845
9,7,2011,0
10,7,2011,0
11,7,2011,74.34645
12,7,2011,74.40495
13,7,2011,74.39495
14,7,2011,74.51445
15,7,2011,74.51845
16,7,2011,0
17,7,2011,0
18,7,2011,74.625
19,7,2011,74.43245
20,7,2011,74.51245
21,7,2011,74.72145
22,7,2011,74.68945
23,7,2011,0
24,7,2011,0
25,7,2011,74.775
26,7,2011,74.775
27,7,2011,74.67745
28,7,2011,74.67045
29,7,2011,74.74545
30,7,2011,0
31,7,2011,0
1,8,2011,73.89845
2,8,2011,74.72795
3,8,2011,74.52595
4,8,2011,74.74445
5,8,2011,75.23945
6,8,2011,0
7,8,2011,0
8,8,2011,74.775
9,8,2011,74.74995
10,8,2011,74.72095
11,8,2011,74.73995
12,8,2011,74.79995
13,8,2011,0
14,8,2011,0
15,8,2011,74.75895
16,8,2011,74.03545
17,8,2011,74.64645
18,8,2011,74.61895
19,8,2011,74.62345
20,8,2011,0
21,8,2011,0
22,8,2011,74.15445
23,8,2011,74.60995
24,8,2011,74.24695
25,8,2011,73.66945
26,8,2011,73.50645
27,8,2011,0
28,8,2011,0
29,8,2011,73.19045
30,8,2011,73.85395
31,8,2011,73.85245
1,9,2011,73.63795
2,9,2011,73.67595
3,9,2011,0
4,9,2011,0
5,9,2011,73.89595
6,9,2011,73.66995
7,9,2011,74.13895
8,9,2011,74.03145
9,9,2011,74.10395
10,9,2011,0
11,9,2011,0
12,9,2011,74.69345
13,9,2011,74.36845
14,9,2011,74.675
15,9,2011,75.025
16,9,2011,75.025
17,9,2011,0
18,9,2011,0
19,9,2011,75.025
20,9,2011,75.205
21,9,2011,75.025
22,9,2011,75.125
23,9,2011,0
24,9,2011,0
25,9,2011,0
26,9,2011,75.225
27,9,2011,75.255
28,9,2011,75.295
29,9,2011,75.295
30,9,2011,0
1,10,2011,0
2,10,2011,0
3,10,2011,75.125
4,10,2011,0
5,10,2011,75.505
6,10,2011,75.575
7,10,2011,75.575
8,10,2011,0
9,10,2011,0
10,10,2011,75.575
11,10,2011,75.575
12,10,2011,75.575
13,10,2011,75.65
14,10,2011,75.8
15,10,2011,0
16,10,2011,0
17,10,2011,75.78
18,10,2011,75.85
19,10,2011,75.96
20,10,2011,75.96
21,10,2011,76.05
22,10,2011,0
23,10,2011,0
24,10,2011,76.02
25,10,2011,75.88
26,10,2011,75.85
27,10,2011,75.85
28,10,2011,76.25
29,10,2011,0
30,10,2011,0
31,10,2011,75.85
1,11,2011,75.85
2,11,2011,76.35
3,11,2011,76.35
4,11,2011,76.36
5,11,2011,0
6,11,2011,0
7,11,2011,76.35
8,11,2011,76.35
9,11,2011,76.35
10,11,2011,76.45
11,11,2011,76.45
12,11,2011,0
13,11,2011,0
14,11,2011,76.45
15,11,2011,76.55
16,11,2011,76.56
17,11,2011,76.58
18,11,2011,76.68
19,11,2011,0
20,11,2011,0
21,11,2011,76.68
22,11,2011,76.68
23,11,2011,76.48
24,11,2011,76.73
25,11,2011,76.7
26,11,2011,0
27,11,2011,0
28,11,2011,76.675
29,11,2011,76.74
30,11,2011,76.8
1,12,2011,76.86
2,12,2011,76.935
3,12,2011,0
4,12,2011,0
5,12,2011,76.94
6,12,2011,77.13
7,12,2011,77.055
8,12,2011,77.05
9,12,2011,77.33
10,12,2011,0
11,12,2011,0
12,12,2011,77.05
13,12,2011,77.09
14,12,2011,77.11
15,12,2011,77.05
16,12,2011,77.05
17,12,2011,0
18,12,2011,0
19,12,2011,77.06
20,12,2011,80.8
21,12,2011,80.68
22,12,2011,80.84
23,12,2011,81.225
24,12,2011,0
25,12,2011,0
26,12,2011,81.225
27,12,2011,81.475
28,12,2011,81.075
29,12,2011,81.875
30,12,2011,81.83
31,12,2011,0
1,1,2012,0
2,1,2012,81.83
3,1,2012,81.995
4,1,2012,81.995
5,1,2012,82.025
6,1,2012,82.025
7,1,2012,0
8,1,2012,0
9,1,2012,82.025
10,1,2012,82.575
11,1,2012,82.84
12,1,2012,82.97
13,1,2012,83.24
14,1,2012,0
15,1,2012,0
16,1,2012,83.24
17,1,2012,83.675
18,1,2012,83.825
19,1,2012,83.825
20,1,2012,84.125
21,1,2012,0
22,1,2012,0
23,1,2012,83.78
24,1,2012,84.3
25,1,2012,84.395
26,1,2012,84.445
27,1,2012,84.5
28,1,2012,0
29,1,2012,0
30,1,2012,84.45
31,1,2012,84.53
1,2,2012,84.53
2,2,2012,84.465
3,2,2012,84.38
4,2,2012,0
5,2,2012,0
6,2,2012,84.38
7,2,2012,84.375
8,2,2012,84.225
9,2,2012,84.125
10,2,2012,83.83
11,2,2012,0
12,2,2012,0
13,2,2012,83.9
14,2,2012,83.775
15,2,2012,83.775
16,2,2012,83.45
17,2,2012,82.53
18,2,2012,0
19,2,2012,0
20,2,2012,82.7
21,2,2012,82.075
22,2,2012,82.35
23,2,2012,82.075
24,2,2012,81.9
25,2,2012,0
26,2,2012,0
27,2,2012,81.65
28,2,2012,81.725
1,3,2012,81.95
2,3,2012,81.92
3,3,2012,0
4,3,2012,0
5,3,2012,81.65
6,3,2012,81.83
7,3,2012,81.7
8,3,2012,81.69
9,3,2012,81.8
10,3,2012,0
11,3,2012,0
12,3,2012,81.74
13,3,2012,82.0
14,3,2012,82.0
15,3,2012,81.775
16,3,2012,82.0
17,3,2012,0
18,3,2012,0
19,3,2012,81.775
20,3,2012,81.78
21,3,2012,82.0
22,3,2012,81.78
23,3,2012,81.78
24,3,2012,0
25,3,2012,0
26,3,2012,81.78
27,3,2012,81.78
28,3,2012,81.78
29,3,2012,81.79
30,3,2012,81.79
31,3,2012,0
1,4,2012,0
2,4,2012,81.79
3,4,2012,82.0
4,4,2012,82.0
5,4,2012,81.83
6,4,2012,81.9
7,4,2012,0
8,4,2012,0
9,4,2012,81.795
10,4,2012,82.0
11,4,2012,81.795
12,4,2012,81.95
13,4,2012,81.9
14,4,2012,0
15,4,2012,0
16,4,2012,81.795
17,4,2012,81.795
18,4,2012,81.795
19,4,2012,81.795
20,4,2012,81.795
21,4,2012,0
22,4,2012,0
23,4,2012,81.95
24,4,2012,81.825
25,4,2012,82.05
26,4,2012,81.9
27,4,2012,81.825
28,4,2012,0
29,4,2012,0
30,4,2012,81.825
1,5,2012,81.9
2,5,2012,81.9
3,5,2012,82.1
4,5,2012,71.95
5,5,2012,0
6,5,2012,0
7,5,2012,82.1
8,5,2012,81.95
9,5,2012,81.825
10,5,2012,81.98
11,5,2012,81.89
12,5,2012,0
13,5,2012,0
14,5,2012,81.835
15,5,2012,81.695
16,5,2012,81.775
17,5,2012,81.805
18,5,2012,81.805
19,5,2012,0
20,5,2012,0
21,5,2012,81.805
22,5,2012,81.825
23,5,2012,81.825
24,5,2012,81.775
25,5,2012,81.88
26,5,2012,0
27,5,2012,0
28,5,2012,81.88
29,5,2012,81.875
30,5,2012,81.99
31,5,2012,81.88
1,6,2012,81.99
2,6,2012,0
3,6,2012,0
4,6,2012,81.875
5,6,2012,81.84
6,6,2012,81.755
7,6,2012,82.1
8,6,2012,82.15
9,6,2012,0
10,6,2012,0
11,6,2012,81.93
12,6,2012,81.95
13,6,2012,82.0
14,6,2012,81.94
15,6,2012,82.05
16,6,2012,0
17,6,2012,0
18,6,2012,82.05
19,6,2012,81.95
20,6,2012,81.84
21,6,2012,81.83
22,6,2012,81.98
23,6,2012,0
24,6,2012,0
25,6,2012,82.05
26,6,2012,81.83
27,6,2012,81.88
28,6,2012,81.8
29,6,2012,82.0
30,6,2012,0
1,7,2012,0
2,7,2012,81.85
3,7,2012,81.85
4,7,2012,81.92
5,7,2012,81.85
6,7,2012,81.85
7,7,2012,0
8,7,2012,0
9,7,2012,81.85
10,7,2012,81.83
11,7,2012,81.94
12,7,2012,81.89
13,7,2012,81.93
14,7,2012,0
15,7,2012,0
16,7,2012,81.805
17,7,2012,82.05
18,7,2012,81.8
19,7,2012,81.77
20,7,2012,81.765
21,7,2012,0
22,7,2012,0
23,7,2012,81.765
24,7,2012,81.8
25,7,2012,81.8
26,7,2012,81.71
27,7,2012,81.88
28,7,2012,0
29,7,2012,0
30,7,2012,81.725
31,7,2012,81.7
1,8,2012,81.695
2,8,2012,81.62
3,8,2012,81.775
4,8,2012,0
5,8,2012,0
6,8,2012,81.6
7,8,2012,81.515
8,8,2012,81.45
9,8,2012,81.515
10,8,2012,81.52
11,8,2012,0
12,8,2012,0
13,8,2012,81.52
14,8,2012,81.52
15,8,2012,81.52
16,8,2012,81.515
17,8,2012,81.515
18,8,2012,0
19,8,2012,0
20,8,2012,81.53
21,8,2012,81.53
22,8,2012,81.53
23,8,2012,81.53
24,8,2012,81.39
25,8,2012,0
26,8,2012,0
27,8,2012,81.38
28,8,2012,81.39
29,8,2012,81.38
30,8,2012,81.39
31,8,2012,81.71
1,9,2012,0
2,9,2012,0
3,9,2012,81.72
4,9,2012,81.71
5,9,2012,81.74
6,9,2012,81.74
7,9,2012,81.775
8,9,2012,0
9,9,2012,0
10,9,2012,81.82
11,9,2012,81.78
12,9,2012,81.93
13,9,2012,81.93
14,9,2012,81.84
15,9,2012,0
16,9,2012,0
17,9,2012,81.85
18,9,2012,81.79
19,9,2012,81.73
20,9,2012,81.73
21,9,2012,81.83
22,9,2012,0
23,9,2012,0
24,9,2012,81.665
25,9,2012,81.61
26,9,2012,81.6
27,9,2012,81.66
28,9,2012,81.65
29,9,2012,0
30,9,2012,0
1,10,2012,81.64
2,10,2012,81.58
3,10,2012,81.59
4,10,2012,81.73
5,10,2012,81.53
6,10,2012,0
7,10,2012,0
8,10,2012,81.525
9,10,2012,81.35
10,10,2012,81.31
11,10,2012,81.33
12,10,2012,81.23
13,10,2012,0
14,10,2012,0
15,10,2012,81.26
16,10,2012,81.32
17,10,2012,81.28
18,10,2012,81.225
19,10,2012,81.28
20,10,2012,0
21,10,2012,0
22,10,2012,81.29
23,10,2012,81.275
24,10,2012,81.23
25,10,2012,81.24
26,10,2012,81.33
27,10,2012,0
28,10,2012,0
29,10,2012,81.33
30,10,2012,81.33
31,10,2012,81.33
1,11,2012,81.33
2,11,2012,81.02
3,11,2012,0
4,11,2012,0
5,11,2012,81.45
6,11,2012,81.51
7,11,2012,81.34
8,11,2012,81.36
9,11,2012,81.6
10,11,2012,0
11,11,2012,0
12,11,2012,81.39
13,11,2012,81.78
14,11,2012,81.78
15,11,2012,81.83
16,11,2012,81.83
17,11,2012,0
18,11,2012,0
19,11,2012,81.79
20,11,2012,81.43
21,11,2012,81.3
22,11,2012,81.23
23,11,2012,81.23
24,11,2012,0
25,11,2012,0
26,11,2012,81.15
27,11,2012,81.25
28,11,2012,81.26
29,11,2012,81.78
30,11,2012,81.31
1,12,2012,0
2,12,2012,0
3,12,2012,81.35
4,12,2012,81.4
5,12,2012,81.37
6,12,2012,81.25
7,12,2012,81.1
8,12,2012,0
9,12,2012,0
10,12,2012,81.125
11,12,2012,81.02
12,12,2012,81.02
13,12,2012,81.02
14,12,2012,81.02
15,12,2012,0
16,12,2012,0
17,12,2012,81.025
18,12,2012,80.53
19,12,2012,80.73
20,12,2012,80.35
21,12,2012,80.33
22,12,2012,0
23,12,2012,0
24,12,2012,80.19
25,12,2012,80.13
26,12,2012,80.0
27,12,2012,79.93
28,12,2012,79.68
29,12,2012,0
30,12,2012,0
31,12,2012,79.71
1,1,2013,79.68
2,1,2013,79.68
3,1,2013,79.85
4,1,2013,79.86
5,1,2013,0
6,1,2013,0
7,1,2013,79.83
8,1,2013,79.81
9,1,2013,79.78
10,1,2013,79.79
11,1,2013,79.79
12,1,2013,0
13,1,2013,0
14,1,2013,79.81
15,1,2013,79.81
16,1,2013,79.79
17,1,2013,79.81
18,1,2013,79.63
19,1,2013,0
20,1,2013,0
21,1,2013,79.6
22,1,2013,79.63
23,1,2013,79.67
24,1,2013,79.48
25,1,2013,79.54
26,1,2013,0
27,1,2013,0
28,1,2013,79.54
29,1,2013,79.6
30,1,2013,79.53
31,1,2013,79.48
1,2,2013,79.48
2,2,2013,0
3,2,2013,0
4,2,2013,78.6
5,2,2013,78.73
6,2,2013,78.85
7,2,2013,78.29
8,2,2013,78.28
9,2,2013,0
10,2,2013,0
11,2,2013,78.21
12,2,2013,78.32
13,2,2013,78.32
14,2,2013,79.13
15,2,2013,79.13
16,2,2013,0
17,2,2013,0
18,2,2013,79.13
19,2,2013,79.05
20,2,2013,79.05
21,2,2013,79.05
22,2,2013,79.06
23,2,2013,0
24,2,2013,0
25,2,2013,79.05
26,2,2013,79.02
27,2,2013,79.02
28,2,2013,78.86
1,3,2013,78.97
2,3,2013,0
3,3,2013,0
4,3,2013,78.85
5,3,2013,78.85
6,3,2013,78.91
7,3,2013,78.86
8,3,2013,78.73
9,3,2013,0
10,3,2013,0
11,3,2013,78.76
12,3,2013,78.79
13,3,2013,78.79
14,3,2013,78.72
15,3,2013,78.62
16,3,2013,0
17,3,2013,0
18,3,2013,78.67
19,3,2013,78.71
20,3,2013,78.59
21,3,2013,78.43
22,3,2013,78.4
23,3,2013,0
24,3,2013,0
25,3,2013,78.48
26,3,2013,78.395
27,3,2013,78.39
28,3,2013,78.35
29,3,2013,78.16
30,3,2013,0
31,3,2013,0
1,4,2013,78.15
2,4,2013,78.15
3,4,2013,78.18
4,4,2013,78.21
5,4,2013,78.18
6,4,2013,0
7,4,2013,0
8,4,2013,78.18
9,4,2013,78.18
10,4,2013,78.13
11,4,2013,78.08
12,4,2013,78.145
13,4,2013,0
14,4,2013,0
15,4,2013,78.22
16,4,2013,78.125
17,4,2013,78.02
18,4,2013,78.02
19,4,2013,78.23
20,4,2013,0
21,4,2013,0
22,4,2013,78.14
23,4,2013,78.02
24,4,2013,77.93
25,4,2013,78.05
26,4,2013,78.06
27,4,2013,0
28,4,2013,0
29,4,2013,78.04
30,4,2013,78.17
1,5,2013,78.11
2,5,2013,78.13
3,5,2013,77.99
4,5,2013,0
5,5,2013,0
6,5,2013,77.99
7,5,2013,78.02
8,5,2013,78.15
9,5,2013,77.98
10,5,2013,77.92
11,5,2013,0
12,5,2013,0
13,5,2013,78.01
14,5,2013,77.86
15,5,2013,77.84
16,5,2013,77.85
17,5,2013,77.85
18,5,2013,0
19,5,2013,0
20,5,2013,78.0
21,5,2013,77.96
22,5,2013,77.89
23,5,2013,77.86
24,5,2013,77.85
25,5,2013,0
26,5,2013,0
27,5,2013,77.81
28,5,2013,77.88
29,5,2013,77.88
30,5,2013,77.88
31,5,2013,77.87
1,6,2013,0
2,6,2013,0
3,6,2013,77.83
4,6,2013,77.85
5,6,2013,77.88
6,6,2013,77.85
7,6,2013,77.88
8,6,2013,0
9,6,2013,0
10,6,2013,77.86
11,6,2013,77.83
12,6,2013,77.88
13,6,2013,77.875
14,6,2013,77.85
15,6,2013,0
16,6,2013,0
17,6,2013,77.97
18,6,2013,77.9
19,6,2013,77.98
20,6,2013,77.98
21,6,2013,77.79
22,6,2013,0
23,6,2013,0
24,6,2013,77.77
25,6,2013,77.95
26,6,2013,77.81
27,6,2013,77.76
28,6,2013,77.91
29,6,2013,0
30,6,2013,0
1,7,2013,77.79
2,7,2013,77.88
3,7,2013,77.88
4,7,2013,77.82
5,7,2013,77.77
6,7,2013,0
7,7,2013,0
8,7,2013,77.94
9,7,2013,77.93
10,7,2013,77.99
11,7,2013,77.845
12,7,2013,77.89
13,7,2013,0
14,7,2013,0
15,7,2013,77.95
16,7,2013,77.76
17,7,2013,77.89
18,7,2013,77.89
19,7,2013,77.92
20,7,2013,0
21,7,2013,0
22,7,2013,77.78
23,7,2013,77.875
24,7,2013,77.88
25,7,2013,77.91
26,7,2013,77.85
27,7,2013,0
28,7,2013,0
29,7,2013,77.76
30,7,2013,77.85
31,7,2013,77.94
1,8,2013,77.88
2,8,2013,77.95
3,8,2013,0
4,8,2013,0
5,8,2013,77.76
6,8,2013,77.91
7,8,2013,77.83
8,8,2013,77.9
9,8,2013,77.88
10,8,2013,0
11,8,2013,0
12,8,2013,77.815
13,8,2013,77.845
14,8,2013,77.755
15,8,2013,77.875
16,8,2013,77.83
17,8,2013,0
18,8,2013,0
19,8,2013,77.825
20,8,2013,77.805
21,8,2013,77.67
22,8,2013,77.5
23,8,2013,77.855
24,8,2013,0
25,8,2013,0
26,8,2013,77.76
27,8,2013,77.855
28,8,2013,77.66
29,8,2013,77.845
30,8,2013,77.47
31,8,2013,0
1,9,2013,0
2,9,2013,77.76
3,9,2013,77.59
4,9,2013,77.42
5,9,2013,77.36
6,9,2013,77.59
7,9,2013,0
8,9,2013,0
9,9,2013,77.1
10,9,2013,77.83
11,9,2013,77.83
12,9,2013,77.79
13,9,2013,77.7
14,9,2013,0
15,9,2013,0
16,9,2013,77.73
17,9,2013,77.46
18,9,2013,77.83
19,9,2013,77.83
20,9,2013,77.65
21,9,2013,0
22,9,2013,0
23,9,2013,77.81
24,9,2013,77.72
25,9,2013,77.75
26,9,2013,77.825
27,9,2013,77.84
28,9,2013,0
29,9,2013,0
30,9,2013,77.96
1,10,2013,77.83
2,10,2013,77.89
3,10,2013,77.92
4,10,2013,77.89
5,10,2013,0
6,10,2013,0
7,10,2013,77.95
8,10,2013,77.83
9,10,2013,77.85
10,10,2013,77.85
11,10,2013,77.85
12,10,2013,77.845
13,10,2013,77.85
14,10,2013,77.85
15,10,2013,77.66
16,10,2013,77.83
17,10,2013,77.84
18,10,2013,77.83
19,10,2013,77.82
20,10,2013,77.82
21,10,2013,77.82
22,10,2013,77.81
23,10,2013,77.91
24,10,2013,77.74
25,10,2013,77.84
26,10,2013,77.82
27,10,2013,77.82
28,10,2013,77.72
29,10,2013,77.55
30,10,2013,77.47
31,10,2013,77.745
1,11,2013,77.35
2,11,2013,77.82
3,11,2013,77.82
4,11,2013,77.68
5,11,2013,77.82
6,11,2013,77.67
7,11,2013,77.73
8,11,2013,77.705
9,11,2013,77.68
10,11,2013,77.68
11,11,2013,77.68
12,11,2013,77.73
13,11,2013,77.68
14,11,2013,77.7
15,11,2013,77.7
16,11,2013,77.65
17,11,2013,77.65
18,11,2013,77.65
19,11,2013,77.65
20,11,2013,77.65
21,11,2013,77.64
22,11,2013,77.64
23,11,2013,77.68
24,11,2013,77.68
25,11,2013,77.68
26,11,2013,77.66
27,11,2013,77.69
28,11,2013,77.68
29,11,2013,77.68
30,11,2013,77.68
1,12,2013,77.68
2,12,2013,77.65
3,12,2013,77.67
4,12,2013,77.645
5,12,2013,77.7
6,12,2013,77.65
7,12,2013,77.65
8,12,2013,77.65
9,12,2013,77.66
10,12,2013,77.7
11,12,2013,77.67
12,12,2013,77.67
13,12,2013,77.68
14,12,2013,77.66
15,12,2013,77.66
16,12,2013,77.66
17,12,2013,77.63
18,12,2013,77.67
19,12,2013,77.65
20,12,2013,77.67
21,12,2013,77.66
22,12,2013,77.66
23,12,2013,77.66
24,12,2013,77.66
25,12,2013,77.31
26,12,2013,77.31
27,12,2013,77.28
28,12,2013,77.22
29,12,2013,77.22
30,12,2013,77.22
31,12,2013,77.3
1,1,2014,77.56
2,1,2014,77.29
3,1,2014,77.31
4,1,2014,77.25
5,1,2014,77.25
6,1,2014,77.25
7,1,2014,77.8
8,1,2014,77.28
9,1,2014,77.89
10,1,2014,77.84
11,1,2014,77.89
12,1,2014,77.83
13,1,2014,77.83
14,1,2014,77.3
15,1,2014,77.67
16,1,2014,77.74
17,1,2014,77.3
18,1,2014,77.68
19,1,2014,77.68
20,1,2014,77.68
21,1,2014,77.3
22,1,2014,77.3
23,1,2014,77.3
24,1,2014,77.58
25,1,2014,77.75
26,1,2014,77.75
27,1,2014,77.63
28,1,2014,77.3
29,1,2014,77.68
30,1,2014,77.66
31,1,2014,77.76
1,2,2014,77.72
2,2,2014,77.72
3,2,2014,77.66
4,2,2014,77.7
5,2,2014,77.65
6,2,2014,77.64
7,2,2014,77.64
8,2,2014,77.63
9,2,2014,77.63
10,2,2014,77.63
11,2,2014,77.63
12,2,2014,77.33
13,2,2014,77.85
14,2,2014,77.36
15,2,2014,77.75
16,2,2014,77.75
17,2,2014,77.63
18,2,2014,77.65
19,2,2014,77.73
20,2,2014,77.82
21,2,2014,77.65
22,2,2014,77.71
23,2,2014,77.705
24,2,2014,77.71
25,2,2014,77.58
26,2,2014,77.55
27,2,2014,77.55
28,2,2014,77.53
1,3,2014,77.5
2,3,2014,77.5
3,3,2014,77.5
4,3,2014,77.46
5,3,2014,77.85
6,3,2014,77.78
7,3,2014,77.76
8,3,2014,77.75
9,3,2014,77.75
10,3,2014,77.745
11,3,2014,77.78
12,3,2014,77.77
13,3,2014,77.72
14,3,2014,77.61
15,3,2014,77.56
16,3,2014,77.56
17,3,2014,77.56
18,3,2014,77.61
19,3,2014,77.76
20,3,2014,77.76
21,3,2014,77.63
22,3,2014,77.83
23,3,2014,77.78
24,3,2014,77.67
25,3,2014,77.68
26,3,2014,77.66
27,3,2014,77.68
28,3,2014,77.53
29,3,2014,77.5
30,3,2014,77.525
31,3,2014,77.53
1,4,2014,77.68
2,4,2014,77.65
3,4,2014,77.65
4,4,2014,77.63
5,4,2014,77.6
6,4,2014,77.6
7,4,2014,77.6
8,4,2014,77.58
9,4,2014,77.66
10,4,2014,77.66
11,4,2014,77.63
12,4,2014,77.61
13,4,2014,77.61
14,4,2014,77.66
15,4,2014,77.58
16,4,2014,77.68
17,4,2014,77.53
18,4,2014,77.53
19,4,2014,77.53
20,4,2014,77.53
21,4,2014,77.525
22,4,2014,77.53
23,4,2014,77.51
24,4,2014,77.51
25,4,2014,77.51
26,4,2014,77.46
27,4,2014,77.455
28,4,2014,77.46
29,4,2014,77.45
30,4,2014,77.66
1,5,2014,77.66
2,5,2014,77.65
3,5,2014,77.63
4,5,2014,77.63
5,5,2014,77.63
6,5,2014,77.66
7,5,2014,77.645
8,5,2014,77.66
9,5,2014,77.65
10,5,2014,77.63
11,5,2014,77.625
12,5,2014,77.625
13,5,2014,77.59
14,5,2014,77.55
15,5,2014,77.65
16,5,2014,77.57
17,5,2014,77.53
18,5,2014,77.53
19,5,2014,77.53
20,5,2014,77.46
21,5,2014,77.56
22,5,2014,77.58
23,5,2014,77.57
24,5,2014,77.53
25,5,2014,77.53
26,5,2014,77.53
27,5,2014,77.52
28,5,2014,77.48
29,5,2014,77.45
30,5,2014,77.53
31,5,2014,77.49
1,6,2014,77.49
2,6,2014,77.49
3,6,2014,77.475
4,6,2014,77.46
5,6,2014,77.67
6,6,2014,77.63
7,6,2014,77.57
8,6,2014,77.57
9,6,2014,77.51
10,6,2014,77.67
11,6,2014,77.54
12,6,2014,77.65
13,6,2014,77.65
14,6,2014,77.63
15,6,2014,77.63
16,6,2014,77.63
17,6,2014,77.63
18,6,2014,77.67
19,6,2014,77.51
20,6,2014,77.48
21,6,2014,77.45
22,6,2014,77.45
23,6,2014,77.45
24,6,2014,77.45
25,6,2014,77.66
26,6,2014,77.78
27,6,2014,77.73
28,6,2014,77.65
29,6,2014,77.71
30,6,2014,77.71
1,7,2014,77.645
2,7,2014,77.71
3,7,2014,77.68
4,7,2014,77.63
5,7,2014,77.79
6,7,2014,77.79
7,7,2014,77.61
8,7,2014,77.68
9,7,2014,77.63
10,7,2014,77.68
11,7,2014,77.57
12,7,2014,77.75
13,7,2014,77.75
14,7,2014,77.75
15,7,2014,77.68
16,7,2014,77.61
17,7,2014,77.6
18,7,2014,77.55
19,7,2014,77.53
20,7,2014,77.53
21,7,2014,77.53
22,7,2014,77.61
23,7,2014,77.55
24,7,2014,77.54
25,7,2014,77.57
26,7,2014,77.57
27,7,2014,77.63
28,7,2014,77.51
29,7,2014,77.49
30,7,2014,77.55
31,7,2014,77.48
1,8,2014,77.445
2,8,2014,77.55
3,8,2014,77.57
4,8,2014,77.5
5,8,2014,77.53
6,8,2014,77.605
7,8,2014,77.61
8,8,2014,77.64
9,8,2014,77.63
10,8,2014,77.68
11,8,2014,77.68
12,8,2014,77.64
13,8,2014,77.65
14,8,2014,77.72
15,8,2014,77.545
16,8,2014,77.53
17,8,2014,77.42
18,8,2014,77.42
19,8,2014,77.42
20,8,2014,77.6
21,8,2014,77.67
22,8,2014,77.58
23,8,2014,77.5
24,8,2014,77.42
25,8,2014,77.5
26,8,2014,77.54
27,8,2014,77.53
28,8,2014,77.57
29,8,2014,77.22
30,8,2014,77.22
31,8,2014,77.27
1,9,2014,77.475
2,9,2014,77.475
3,9,2014,77.54
4,9,2014,77.54
5,9,2014,77.48
6,9,2014,77.48
7,9,2014,77.48
8,9,2014,77.475
9,9,2014,77.45
10,9,2014,77.46
11,9,2014,77.45
12,9,2014,77.45
13,9,2014,77.13
14,9,2014,77.13
15,9,2014,77.13
16,9,2014,77.13
17,9,2014,77.48
18,9,2014,77.48
19,9,2014,77.45
20,9,2014,77.43
21,9,2014,77.43
22,9,2014,77.43
23,9,2014,77.38
24,9,2014,77.39
25,9,2014,77.36
26,9,2014,77.35
27,9,2014,77.33
28,9,2014,77.33
29,9,2014,77.33
30,9,2014,77.28
1,10,2014,77.45
2,10,2014,77.46
3,10,2014,77.445
4,10,2014,77.43
5,10,2014,77.43
6,10,2014,77.43
7,10,2014,77.43
8,10,2014,77.43
9,10,2014,77.455
10,10,2014,77.46
11,10,2014,77.46
12,10,2014,77.46
13,10,2014,77.455
14,10,2014,77.46
15,10,2014,77.45
16,10,2014,77.38
17,10,2014,77.3
18,10,2014,77.3
19,10,2014,77.3
20,10,2014,77.3
21,10,2014,77.37
22,10,2014,77.35
23,10,2014,77.38
24,10,2014,77.38
25,10,2014,77.38
26,10,2014,77.38
27,10,2014,77.375
28,10,2014,77.41
29,10,2014,77.42
30,10,2014,77.43
31,10,2014,77.41
1,11,2014,77.43
2,11,2014,77.43
3,11,2014,77.43
4,11,2014,77.42
5,11,2014,77.38
6,11,2014,77.305
7,11,2014,77.33
8,11,2014,77.33
9,11,2014,77.33
10,11,2014,77.33
11,11,2014,77.31
12,11,2014,77.305
13,11,2014,77.32
14,11,2014,77.33
15,11,2014,77.31
16,11,2014,77.31
17,11,2014,77.31
18,11,2014,77.305
19,11,2014,77.31
20,11,2014,77.31
21,11,2014,77.305
22,11,2014,77.31
23,11,2014,77.31
24,11,2014,77.31
25,11,2014,77.315
26,11,2014,77.33
27,11,2014,77.33
28,11,2014,77.33
29,11,2014,77.31
30,11,2014,77.31
1,12,2014,77.305
2,12,2014,77.33
3,12,2014,77.33
4,12,2014,77.31
5,12,2014,77.575
6,12,2014,77.575
7,12,2014,77.575
8,12,2014,77.575
9,12,2014,77.575
10,12,2014,77.25645
11,12,2014,77.37145
12,12,2014,77.34495
13,12,2014,77.30845
14,12,2014,77.30845
15,12,2014,77.30845
16,12,2014,77.29095
17,12,2014,77.30945
18,12,2014,77.31045
19,12,2014,77.36445
20,12,2014,77.32095
21,12,2014,77.32095
22,12,2014,77.32095
23,12,2014,77.89795
24,12,2014,78.00895
25,12,2014,77.95345
26,12,2014,77.95345
27,12,2014,77.95345
28,12,2014,77.95345
29,12,2014,77.95345
30,12,2014,77.90745
31,12,2014,78.00995
1,1,2015,77.90795
2,1,2015,77.90795
3,1,2015,77.95095
4,1,2015,77.95095
5,1,2015,77.95095
6,1,2015,77.87745
7,1,2015,78.16445
8,1,2015,77.80595
9,1,2015,77.92145
10,1,2015,77.83645
11,1,2015,77.83645
12,1,2015,77.83645
13,1,2015,77.92745
14,1,2015,77.82395
15,1,2015,77.74445
16,1,2015,77.85795
17,1,2015,77.82995
18,1,2015,77.82995
19,1,2015,77.82995
20,1,2015,77.81295
21,1,2015,77.81745
22,1,2015,77.87795
23,1,2015,77.84995
24,1,2015,77.63395
25,1,2015,77.63395
26,1,2015,77.63395
27,1,2015,77.85095
28,1,2015,77.71395
29,1,2015,77.84545
30,1,2015,77.40245
31,1,2015,77.80995
1,2,2015,77.80995
2,2,2015,77.80995
3,2,2015,77.76795
4,2,2015,77.73245
5,2,2015,78.07495
6,2,2015,77.78345
7,2,2015,77.84845
8,2,2015,77.84845
9,2,2015,77.84845
10,2,2015,77.81945
11,2,2015,77.83495
12,2,2015,77.79145
13,2,2015,77.68845
14,2,2015,77.90145
15,2,2015,77.90145
16,2,2015,77.90145
17,2,2015,77.80545
18,2,2015,77.89445
19,2,2015,77.78245
20,2,2015,77.83195
21,2,2015,77.85245
22,2,2015,77.85245
23,2,2015,77.85245
24,2,2015,77.91995
25,2,2015,77.77445
26,2,2015,77.79645
27,2,2015,77.92845
28,2,2015,77.87895
1,3,2015,77.87895
2,3,2015,77.87895
3,3,2015,77.79245
4,3,2015,77.79595
5,3,2015,77.79445
6,3,2015,77.72845
7,3,2015,77.76795
8,3,2015,77.76795
9,3,2015,77.76795
10,3,2015,77.78745
11,3,2015,77.85845
12,3,2015,77.78845
13,3,2015,77.94845
14,3,2015,77.89545
15,3,2015,77.89545
16,3,2015,77.89545
17,3,2015,77.88595
18,3,2015,77.80395
19,3,2015,77.84795
20,3,2015,77.91745
21,3,2015,77.74345
22,3,2015,77.74345
23,3,2015,77.74345
24,3,2015,77.89445
25,3,2015,77.89645
26,3,2015,77.89645
27,3,2015,77.90095
28,3,2015,77.87895
29,3,2015,77.87895
30,3,2015,77.87895
31,3,2015,77.86945
1,4,2015,77.90245
2,4,2015,77.90895
3,4,2015,77.75445
4,4,2015,77.44995
5,4,2015,77.44995
6,4,2015,77.44995
7,4,2015,76.72695
8,4,2015,77.77595
9,4,2015,77.81595
10,4,2015,77.75545
11,4,2015,77.88645
12,4,2015,77.88645
13,4,2015,77.88645
14,4,2015,77.82095
15,4,2015,77.92595
16,4,2015,77.75245
17,4,2015,77.72795
18,4,2015,77.91395
19,4,2015,77.91395
20,4,2015,77.91395
21,4,2015,77.75695
22,4,2015,77.81745
23,4,2015,77.94195
24,4,2015,77.79795
25,4,2015,77.83095
26,4,2015,77.83095
27,4,2015,77.83095
28,4,2015,77.86495
29,4,2015,77.94145
30,4,2015,77.94095
1,5,2015,77.91545
2,5,2015,77.71745
3,5,2015,77.71745
4,5,2015,77.71745
5,5,2015,77.85445
6,5,2015,77.75745
7,5,2015,77.78245
8,5,2015,77.89295
9,5,2015,77.82395
10,5,2015,77.82395
11,5,2015,77.82395
12,5,2015,77.72245
13,5,2015,77.91645
14,5,2015,77.75945
15,5,2015,77.90095
16,5,2015,77.91145
17,5,2015,77.91145
18,5,2015,77.91145
19,5,2015,77.80195
20,5,2015,77.78345
21,5,2015,77.78395
22,5,2015,77.80095
23,5,2015,77.89945
24,5,2015,77.89945
25,5,2015,77.89945
26,5,2015,77.73045
27,5,2015,77.83345
28,5,2015,77.79195
29,5,2015,77.82795
30,5,2015,77.83695
31,5,2015,77.83695
1,6,2015,77.83695
2,6,2015,77.77495
3,6,2015,77.67445
4,6,2015,77.88045
5,6,2015,77.90245
6,6,2015,77.82495
7,6,2015,77.82495
8,6,2015,77.82495
9,6,2015,77.84345
10,6,2015,77.73345
11,6,2015,77.75745
12,6,2015,77.78945
13,6,2015,77.74545
14,6,2015,77.74545
15,6,2015,77.74545
16,6,2015,77.80945
17,6,2015,77.70545
18,6,2015,77.71745
19,6,2015,77.71995
20,6,2015,77.38795
21,6,2015,77.38795
22,6,2015,77.38795
23,6,2015,77.62295
24,6,2015,77.81495
25,6,2015,77.79345
26,6,2015,77.80345
27,6,2015,77.83195
28,6,2015,77.83195
29,6,2015,77.83195
30,6,2015,77.84595
1,7,2015,77.82795
2,7,2015,77.78095
3,7,2015,77.79145
4,7,2015,77.85345
5,7,2015,77.85345
6,7,2015,77.85345
7,7,2015,77.81945
8,7,2015,77.88145
9,7,2015,77.74995
10,7,2015,77.74545
11,7,2015,77.68445
12,7,2015,77.68445
13,7,2015,77.68445
14,7,2015,77.65695
15,7,2015,77.68995
16,7,2015,77.74295
17,7,2015,77.72245
18,7,2015,77.73695
19,7,2015,77.73695
20,7,2015,77.73695
21,7,2015,77.75495
22,7,2015,77.74945
23,7,2015,77.75695
24,7,2015,77.74495
25,7,2015,77.77245
26,7,2015,77.77245
27,7,2015,77.77245
28,7,2015,77.72445
29,7,2015,77.73045
30,7,2015,77.83995
31,7,2015,77.75945
1,8,2015,77.93045
2,8,2015,77.93045
3,8,2015,77.93045
4,8,2015,77.77995
5,8,2015,77.73695
6,8,2015,77.48945
7,8,2015,77.91345
8,8,2015,77.86095
9,8,2015,77.86095
10,8,2015,77.86095
11,8,2015,77.84695
12,8,2015,77.77945
13,8,2015,77.74545
14,8,2015,77.80995
15,8,2015,78.26545
16,8,2015,78.26545
17,8,2015,78.26545
18,8,2015,77.79295
19,8,2015,77.77895
20,8,2015,77.77845
21,8,2015,77.92245
22,8,2015,77.91245
23,8,2015,77.91245
24,8,2015,77.91245
25,8,2015,77.80945
26,8,2015,77.77895
27,8,2015,77.76745
28,8,2015,77.88295
29,8,2015,77.85095
30,8,2015,77.85095
31,8,2015,77.85095
1,9,2015,77.78895
2,9,2015,77.82395
3,9,2015,77.84645
4,9,2015,77.82645
5,9,2015,77.86345
6,9,2015,77.86345
7,9,2015,77.86345
8,9,2015,77.86945
9,9,2015,77.82995
10,9,2015,77.76095
11,9,2015,77.89995
12,9,2015,77.92295
13,9,2015,77.92295
14,9,2015,77.92295
15,9,2015,77.91595
16,9,2015,77.82595
17,9,2015,77.85395
18,9,2015,77.84645
19,9,2015,77.82295
20,9,2015,77.82295
21,9,2015,77.82295
22,9,2015,77.85495
23,9,2015,77.69745
24,9,2015,77.86845
25,9,2015,77.81545
26,9,2015,77.91845
27,9,2015,77.91845
28,9,2015,77.91845
29,9,2015,77.86995
30,9,2015,77.79045
1,10,2015,77.72095
2,10,2015,77.86345
3,10,2015,77.86895
4,10,2015,77.86895
5,10,2015,77.86895
6,10,2015,77.86245
7,10,2015,77.86595
8,10,2015,77.79045
9,10,2015,77.80895
10,10,2015,77.73995
11,10,2015,77.73995
12,10,2015,77.73995
13,10,2015,77.75295
14,10,2015,77.79095
15,10,2015,77.73445
16,10,2015,77.80845
17,10,2015,77.80245
18,10,2015,77.80245
19,10,2015,77.80245
20,10,2015,77.74445
21,10,2015,77.88745
22,10,2015,77.90445
23,10,2015,77.81745
24,10,2015,77.91145
25,10,2015,77.91145
26,10,2015,77.91145
27,10,2015,77.89595
28,10,2015,77.91045
29,10,2015,77.89395
30,10,2015,77.94045
31,10,2015,77.74895
1,11,2015,77.74895
2,11,2015,77.74895
3,11,2015,77.85845
4,11,2015,77.85495
5,11,2015,78.66695
6,11,2015,78.26545
7,11,2015,78.20645
8,11,2015,78.20645
9,11,2015,78.20645
10,11,2015,78.37895
11,11,2015,78.14045
12,11,2015,77.88345
13,11,2015,77.39345
14,11,2015,78.08545
15,11,2015,78.08545
16,11,2015,78.08545
17,11,2015,78.08595
18,11,2015,78.20145
19,11,2015,77.45545
20,11,2015,77.48245
21,11,2015,77.69645
22,11,2015,77.69645
23,11,2015,77.69645
24,11,2015,77.37445
25,11,2015,77.40545
26,11,2015,77.14195
27,11,2015,77.43095
28,11,2015,77.28045
29,11,2015,77.28045
30,11,2015,77.28045
1,12,2015,78.10295
2,12,2015,77.88345
3,12,2015,78.01445
4,12,2015,75.54345
5,12,2015,78.26595
6,12,2015,78.26595
7,12,2015,78.26595
8,12,2015,78.01445
9,12,2015,77.88595
10,12,2015,77.42895
11,12,2015,77.91695
12,12,2015,78.06495
13,12,2015,78.06495
14,12,2015,78.06495
15,12,2015,78.03445
16,12,2015,78.74495
17,12,2015,78.26145
18,12,2015,78.17545
19,12,2015,77.99495
20,12,2015,77.99495
21,12,2015,77.99495
22,12,2015,77.84445
23,12,2015,78.52095
24,12,2015,78.71445
25,12,2015,78.39945
26,12,2015,78.31045
27,12,2015,78.31045
28,12,2015,78.31045
29,12,2015,78.63395
30,12,2015,78.58995
31,12,2015,78.21145
1,1,2016,78.71645
2,1,2016,78.69845
3,1,2016,78.69845
4,1,2016,78.69845
5,1,2016,78.83795
6,1,2016,78.55795
7,1,2016,78.19645
8,1,2016,78.01645
9,1,2016,78.04945
10,1,2016,78.04945
11,1,2016,78.04945
12,1,2016,78.66745
13,1,2016,78.44395
14,1,2016,78.07245
15,1,2016,78.52945
16,1,2016,78.47545
17,1,2016,78.47545
18,1,2016,78.47545
19,1,2016,78.50095
20,1,2016,78.15095
21,1,2016,78.61095
22,1,2016,78.79845
23,1,2016,78.74795
24,1,2016,78.74795
25,1,2016,78.74795
26,1,2016,78.25595
27,1,2016,78.17445
28,1,2016,78.29995
29,1,2016,78.28095
30,1,2016,79.07895
31,1,2016,79.07895
1,2,2016,79.07895
2,2,2016,78.27445
3,2,2016,78.42795
4,2,2016,77.53245
5,2,2016,78.60645
6,2,2016,78.61645
7,2,2016,78.61645
8,2,2016,78.61645
9,2,2016,78.70595
10,2,2016,78.27945
11,2,2016,78.82945
12,2,2016,78.85845
13,2,2016,78.84695
14,2,2016,78.84695
15,2,2016,78.84695
16,2,2016,78.42245
17,2,2016,78.50045
18,2,2016,78.58595
19,2,2016,78.38395
20,2,2016,78.42645
21,2,2016,78.42645
22,2,2016,78.42645
23,2,2016,78.58045
24,2,2016,78.48395
25,2,2016,78.07695
26,2,2016,78.46245
27,2,2016,79.14295
28,2,2016,79.14295
1,3,2016,78.48395
2,3,2016,78.51695
3,3,2016,78.42545
4,3,2016,77.98445
5,3,2016,78.33045
6,3,2016,78.33045
7,3,2016,78.33045
8,3,2016,78.44395
9,3,2016,78.49895
10,3,2016,78.45545
11,3,2016,78.34795
12,3,2016,78.15995
13,3,2016,78.15995
14,3,2016,78.15995
15,3,2016,78.47595
16,3,2016,78.36545
17,3,2016,77.55345
18,3,2016,78.46395
19,3,2016,78.42595
20,3,2016,78.42595
21,3,2016,78.42595
22,3,2016,78.35645
23,3,2016,78.33695
24,3,2016,78.37395
25,3,2016,78.34295
26,3,2016,78.32195
27,3,2016,78.32195
28,3,2016,78.38495
29,3,2016,78.33945
30,3,2016,78.30595
31,3,2016,78.50945
1,4,2016,78.35645
2,4,2016,78.36195
3,4,2016,78.36195
4,4,2016,78.36195
5,4,2016,78.29095
6,4,2016,78.29145
7,4,2016,78.41045
8,4,2016,78.61445
9,4,2016,78.41095
10,4,2016,78.41095
11,4,2016,78.41095
12,4,2016,78.36895
13,4,2016,78.48245
14,4,2016,78.33745
15,4,2016,78.32145
16,4,2016,78.34645
17,4,2016,78.34645
18,4,2016,78.34645
19,4,2016,78.35095
20,4,2016,78.38295
21,4,2016,78.43295
22,4,2016,78.38745
23,4,2016,78.32495
24,4,2016,78.32495
25,4,2016,78.32495
26,4,2016,78.32495
27,4,2016,78.36695
28,4,2016,78.40695
29,4,2016,78.33995
30,4,2016,78.43745
1,5,2016,78.43745
2,5,2016,78.43745
3,5,2016,78.45145
4,5,2016,78.13145
5,5,2016,78.36795
6,5,2016,78.52495
7,5,2016,78.38195
8,5,2016,78.38195
9,5,2016,78.38195
10,5,2016,78.38195
11,5,2016,78.37145
12,5,2016,78.33595
13,5,2016,78.13995
14,5,2016,78.61495
15,5,2016,78.61495
16,5,2016,78.61495
17,5,2016,78.85345
18,5,2016,78.64445
19,5,2016,78.57295
20,5,2016,78.63395
21,5,2016,78.65495
22,5,2016,78.65495
23,5,2016,78.65495
24,5,2016,78.62345
25,5,2016,78.63345
26,5,2016,78.65545
27,5,2016,78.65195
28,5,2016,78.64095
29,5,2016,78.64095
30,5,2016,78.64095
31,5,2016,78.64995
1,6,2016,78.57945
2,6,2016,78.67145
3,6,2016,78.98245
4,6,2016,78.62345
5,6,2016,78.62345
6,6,2016,78.62345
7,6,2016,78.62345
8,6,2016,78.63895
9,6,2016,78.60745
10,6,2016,78.66045
11,6,2016,78.87945
12,6,2016,78.87945
13,6,2016,78.87945
14,6,2016,78.99245
15,6,2016,78.56445
16,6,2016,78.28695
17,6,2016,78.73795
18,6,2016,78.46445
19,6,2016,78.46445
20,6,2016,78.46445
21,6,2016,78.51595
22,6,2016,78.96445
23,6,2016,78.07545
24,6,2016,78.24095
25,6,2016,78.00495
26,6,2016,78.00495
27,6,2016,78.00495
28,6,2016,78.43945
29,6,2016,78.47545
30,6,2016,78.47545
1,7,2016,78.71395
2,7,2016,78.21795
3,7,2016,78.21795
4,7,2016,78.21795
5,7,2016,78.12895
6,7,2016,78.91345
7,7,2016,78.10995
8,7,2016,78.45845
9,7,2016,78.41145
10,7,2016,78.41145
11,7,2016,78.41145
12,7,2016,78.42895
13,7,2016,78.64195
14,7,2016,78.35145
15,7,2016,78.33595
16,7,2016,79.17645
17,7,2016,79.17645
18,7,2016,79.17645
19,7,2016,78.23595
20,7,2016,78.72645
21,7,2016,78.77445
22,7,2016,78.40745
23,7,2016,78.75995
24,7,2016,78.75995
25,7,2016,78.75995
26,7,2016,78.43445
27,7,2016,78.59245
28,7,2016,78.04795
29,7,2016,78.52595
30,7,2016,78.03745
31,7,2016,78.03745
1,8,2016,78.03745
2,8,2016,78.45145
3,8,2016,78.42495
4,8,2016,78.42595
5,8,2016,78.45595
6,8,2016,78.42945
7,8,2016,78.42945
8,8,2016,78.42945
9,8,2016,78.42945
10,8,2016,78.19745
11,8,2016,78.35995
12,8,2016,78.49295
13,8,2016,78.35845
14,8,2016,78.35845
15,8,2016,78.35845
16,8,2016,78.35595
17,8,2016,78.43745
18,8,2016,78.40645
19,8,2016,78.20495
20,8,2016,78.40995
21,8,2016,78.40995
22,8,2016,78.40995
23,8,2016,78.20445
24,8,2016,78.59845
25,8,2016,78.61845
26,8,2016,78.44845
27,8,2016,78.40645
28,8,2016,78.40645
29,8,2016,78.40645
30,8,2016,79.04545
31,8,2016,79.04545
1,9,2016,78.32845
2,9,2016,78.10845
3,9,2016,78.10845
4,9,2016,78.10845
5,9,2016,78.10845
6,9,2016,78.59395
7,9,2016,78.59395
8,9,2016,78.46595
9,9,2016,78.58895
10,9,2016,78.60645
11,9,2016,78.60645
12,9,2016,78.60645
13,9,2016,78.29895
14,9,2016,78.50495
15,9,2016,78.50045
16,9,2016,78.36645
17,9,2016,78.34245
18,9,2016,78.34245
19,9,2016,78.34245
20,9,2016,78.31645
21,9,2016,78.62595
22,9,2016,78.62395
23,9,2016,78.62395
24,9,2016,78.46295
25,9,2016,78.46295
26,9,2016,78.46295
27,9,2016,78.46295
28,9,2016,78.72645
29,9,2016,78.50545
30,9,2016,78.36845
1,10,2016,77.94695
2,10,2016,77.94695
3,10,2016,77.94695
4,10,2016,77.94695
5,10,2016,78.22945
6,10,2016,78.56195
7,10,2016,78.73145
8,10,2016,78.02995
9,10,2016,78.02995
10,10,2016,78.02995
11,10,2016,78.66345
12,10,2016,78.67395
13,10,2016,78.52295
14,10,2016,78.28995
15,10,2016,78.34445
16,10,2016,78.34445
17,10,2016,78.34445
18,10,2016,78.76945
19,10,2016,78.76945
20,10,2016,78.76945
21,10,2016,78.76895
22,10,2016,78.47145
23,10,2016,78.47145
24,10,2016,78.47145
25,10,2016,78.54145
26,10,2016,78.21345
27,10,2016,78.55695
28,10,2016,78.64945
29,10,2016,77.92845
30,10,2016,77.92845
31,10,2016,77.92845
1,11,2016,78.35895
2,11,2016,78.29295
3,11,2016,78.54545
4,11,2016,78.52195
5,11,2016,78.26245
6,11,2016,78.26245
7,11,2016,78.26245
8,11,2016,78.69445
9,11,2016,78.79545
10,11,2016,79.82745
11,11,2016,78.66845
12,11,2016,78.70495
13,11,2016,78.70495
14,11,2016,78.70495
15,11,2016,78.91345
16,11,2016,78.91445
17,11,2016,78.90745
18,11,2016,79.74745
19,11,2016,78.93645
20,11,2016,78.93645
21,11,2016,78.93645
22,11,2016,79.24695
23,11,2016,79.27795
24,11,2016,79.86795
25,11,2016,79.33245
26,11,2016,79.24045
27,11,2016,79.24045
28,11,2016,79.24045
29,11,2016,79.29145
30,11,2016,79.01195
1,12,2016,79.40445
2,12,2016,79.32495
3,12,2016,79.47345
4,12,2016,79.47345
5,12,2016,79.47345
6,12,2016,79.06645
7,12,2016,79.81195
8,12,2016,79.51445
9,12,2016,81.03995
10,12,2016,79.87645
11,12,2016,79.87645
12,12,2016,79.87645
13,12,2016,79.29245
14,12,2016,79.22195
15,12,2016,80.40895
16,12,2016,79.40745
17,12,2016,79.37595
18,12,2016,79.37595
19,12,2016,79.37595
20,12,2016,79.50295
21,12,2016,78.63695
22,12,2016,78.97895
23,12,2016,79.24445
24,12,2016,79.13345
25,12,2016,79.13345
26,12,2016,79.13345
27,12,2016,79.08995
28,12,2016,78.98695
29,12,2016,78.62245
30,12,2016,78.77895
31,12,2016,79.31745
1,1,2017,79.31745
2,1,2017,79.31745
3,1,2017,79.12445
4,1,2017,79.15395
5,1,2017,78.675
6,1,2017,78.675
7,1,2017,0
8,1,2017,0
9,1,2017,78.675
10,1,2017,78.725
11,1,2017,78.75
12,1,2017,78.9
13,1,2017,78.9
14,1,2017,0
15,1,2017,0
16,1,2017,78.9
17,1,2017,79.05
18,1,2017,79.225
19,1,2017,79.15
20,1,2017,79.15
21,1,2017,0
22,1,2017,0
23,1,2017,79.15
24,1,2017,79.275
25,1,2017,79.3
26,1,2017,79.4
27,1,2017,79.5
28,1,2017,79.5
29,1,2017,0
30,1,2017,79.5
31,1,2017,79.45
1,2,2017,79.5
2,2,2017,79.525
3,2,2017,79.525
4,2,2017,79.525
5,2,2017,0
6,2,2017,79.525
7,2,2017,79.68
8,2,2017,79.85
9,2,2017,79.9
10,2,2017,79.95
11,2,2017,79.95
12,2,2017,0
13,2,2017,79.95
14,2,2017,80.05
15,2,2017,80.1
16,2,2017,80.15
17,2,2017,80.225
18,2,2017,80.225
19,2,2017,0
20,2,2017,80.225
21,2,2017,79.925
22,2,2017,79.925
23,2,2017,79.775
24,2,2017,79.675
25,2,2017,79.675
26,2,2017,0
27,2,2017,79.675
28,2,2017,79.7
1,3,2017,79.695
2,3,2017,79.975
3,3,2017,79.975
4,3,2017,0
5,3,2017,0
6,3,2017,79.975
7,3,2017,80.075
8,3,2017,80.125
9,3,2017,80.175
10,3,2017,80.25
11,3,2017,0
12,3,2017,0
13,3,2017,80.25
14,3,2017,80.28
15,3,2017,80.3
16,3,2017,80.225
17,3,2017,80.175
18,3,2017,0
19,3,2017,0
20,3,2017,80.175
21,3,2017,80.2
22,3,2017,80.2
23,3,2017,80.3
24,3,2017,80.175
25,3,2017,0
26,3,2017,0
27,3,2017,80.175
28,3,2017,80.28
29,3,2017,80.275
30,3,2017,80.275
31,3,2017,80.215
1,4,2017,0
2,4,2017,0
3,4,2017,80.215
4,4,2017,80.305
5,4,2017,80.37
6,4,2017,80.45
7,4,2017,80.64
8,4,2017,0
9,4,2017,0
10,4,2017,80.63
11,4,2017,80.65
12,4,2017,80.65
13,4,2017,81.08
14,4,2017,81.1
15,4,2017,0
16,4,2017,0
17,4,2017,81.1
18,4,2017,81.05
19,4,2017,81.8
20,4,2017,81.95
21,4,2017,82.85
22,4,2017,0
23,4,2017,0
24,4,2017,82.85
25,4,2017,82.95
26,4,2017,83.65
27,4,2017,84.25
28,4,2017,83.625
29,4,2017,0
30,4,2017,0
1,5,2017,83.625
2,5,2017,83.625
3,5,2017,82.58
4,5,2017,82.75
5,5,2017,81.6
6,5,2017,0
7,5,2017,0
8,5,2017,81.555
9,5,2017,81.55
10,5,2017,80.75
11,5,2017,80.75
12,5,2017,80.725
13,5,2017,0
14,5,2017,0
15,5,2017,80.725
16,5,2017,80.625
17,5,2017,80.54
18,5,2017,80.555
19,5,2017,80.55
20,5,2017,0
21,5,2017,0
22,5,2017,80.55
23,5,2017,80.55
24,5,2017,80.5
25,5,2017,80.54
26,5,2017,80.525
27,5,2017,0
28,5,2017,0
29,5,2017,80.525
30,5,2017,80.54
31,5,2017,80.59
1,6,2017,80.675
2,6,2017,80.6
3,6,2017,0
4,6,2017,0
5,6,2017,80.6
6,6,2017,80.57
7,6,2017,80.595
8,6,2017,80.6
9,6,2017,80.61
10,6,2017,0
11,6,2017,0
12,6,2017,80.61
13,6,2017,80.575
14,6,2017,80.575
15,6,2017,80.575
16,6,2017,80.575
17,6,2017,0
18,6,2017,0
19,6,2017,80.575
20,6,2017,80.54
21,6,2017,80.53
22,6,2017,80.58
23,6,2017,80.63
24,6,2017,0
25,6,2017,0
26,6,2017,80.63
27,6,2017,80.63
28,6,2017,80.63
29,6,2017,80.58
30,6,2017,80.63
1,7,2017,0
2,7,2017,0
3,7,2017,80.595
4,7,2017,80.8
5,7,2017,80.83
6,7,2017,80.85
7,7,2017,81.175
8,7,2017,0
9,7,2017,0
10,7,2017,81.175
11,7,2017,80.595
12,7,2017,80.595
13,7,2017,81.49
14,7,2017,81.2
15,7,2017,0
16,7,2017,0
17,7,2017,81.2
18,7,2017,80.88
19,7,2017,80.635
20,7,2017,80.85
21,7,2017,80.635
22,7,2017,0
23,7,2017,0
24,7,2017,80.635
25,7,2017,80.82
26,7,2017,81.22
27,7,2017,81.325
28,7,2017,80.635
29,7,2017,0
30,7,2017,0
31,7,2017,80.635
1,8,2017,81.375
2,8,2017,81.28
3,8,2017,80.67
4,8,2017,81.05
5,8,2017,0
6,8,2017,0
7,8,2017,81.05
8,8,2017,80.755
9,8,2017,81.015
10,8,2017,80.98
11,8,2017,80.9
12,8,2017,0
13,8,2017,0
14,8,2017,80.9
15,8,2017,80.9
16,8,2017,80.9
17,8,2017,80.95
18,8,2017,81.15
19,8,2017,0
20,8,2017,0
21,8,2017,81.155
22,8,2017,81.3
23,8,2017,81.375
24,8,2017,81.24
25,8,2017,81.16
26,8,2017,0
27,8,2017,0
28,8,2017,81.165
29,8,2017,81.35
30,8,2017,81.19
31,8,2017,81.3
1,9,2017,80.695
2,9,2017,0
3,9,2017,0
4,9,2017,80.695
5,9,2017,81.3
6,9,2017,81.415
7,9,2017,81.3
8,9,2017,81.6
9,9,2017,0
10,9,2017,0
11,9,2017,81.565
12,9,2017,82.1
13,9,2017,82.125
14,9,2017,82.225
15,9,2017,82.225
16,9,2017,0
17,9,2017,0
18,9,2017,82.225
19,9,2017,81.7
20,9,2017,81.975
21,9,2017,81.975
22,9,2017,81.975
23,9,2017,0
24,9,2017,0
25,9,2017,81.975
26,9,2017,82.175
27,9,2017,82.45
28,9,2017,82.4
29,9,2017,82.05
30,9,2017,0
1,10,2017,0
2,10,2017,82.05
3,10,2017,81.975
4,10,2017,81.975
5,10,2017,82.11
6,10,2017,82.075
7,10,2017,0
8,10,2017,0
9,10,2017,82.175
10,10,2017,82.1
11,10,2017,82.25
12,10,2017,82.575
13,10,2017,82.45
14,10,2017,0
15,10,2017,0
16,10,2017,82.45
17,10,2017,82.425
18,10,2017,82.39
19,10,2017,82.4
20,10,2017,82.525
21,10,2017,0
22,10,2017,0
23,10,2017,82.55
24,10,2017,82.825
25,10,2017,82.825
26,10,2017,82.91
27,10,2017,83.075
28,10,2017,0
29,10,2017,0
30,10,2017,83.15
31,10,2017,82.975
1,11,2017,82.955
2,11,2017,83.1
3,11,2017,83.04
4,11,2017,0
5,11,2017,0
6,11,2017,83.04
7,11,2017,83.25
8,11,2017,83.35
9,11,2017,83.35
10,11,2017,83.35
11,11,2017,0
12,11,2017,0
13,11,2017,83.35
14,11,2017,83.475
15,11,2017,83.55
16,11,2017,83.6
17,11,2017,83.7
18,11,2017,0
19,11,2017,0
20,11,2017,83.7
21,11,2017,83.95
22,11,2017,84.15
23,11,2017,84.15
24,11,2017,84.15
25,11,2017,0
26,11,2017,0
27,11,2017,84.15
28,11,2017,84.715
29,11,2017,84.955
30,11,2017,82.975
1,12,2017,82.975
2,12,2017,0
3,12,2017,0
4,12,2017,82.975
5,12,2017,82.295
6,12,2017,82.975
7,12,2017,82.975
8,12,2017,82.975
9,12,2017,0
10,12,2017,0
11,12,2017,82.975
12,12,2017,82.975
13,12,2017,82.975
14,12,2017,82.975
15,12,2017,82.975
16,12,2017,0
17,12,2017,0
18,12,2017,82.975
19,12,2017,83.15
20,12,2017,83.15
21,12,2017,83.175
22,12,2017,83.175
23,12,2017,0
24,12,2017,0
25,12,2017,83.175
26,12,2017,83.175
27,12,2017,83.175
28,12,2017,83.175
29,12,2017,83.175
30,12,2017,0
31,12,2017,0
1,1,2018,83.175
2,1,2018,83.175
3,1,2018,83.175
4,1,2018,83.185
5,1,2018,83.185
6,1,2018,0
7,1,2018,0
8,1,2018,83.185
9,1,2018,83.19
10,1,2018,83.19
11,1,2018,83.19
12,1,2018,83.15
13,1,2018,0
14,1,2018,0
15,1,2018,83.15
16,1,2018,82.795
17,1,2018,82.795
18,1,2018,82.825
19,1,2018,82.845
20,1,2018,0
21,1,2018,0
22,1,2018,82.845
23,1,2018,82.875
24,1,2018,83.275
25,1,2018,83.275
26,1,2018,83.275
27,1,2018,0
28,1,2018,0
29,1,2018,83.275
30,1,2018,83.3
31,1,2018,83.3
1,2,2018,83.3
2,2,2018,83.3
3,2,2018,0
4,2,2018,0
5,2,2018,83.3
6,2,2018,83.3
7,2,2018,83.3
8,2,2018,83.3
9,2,2018,83.3
10,2,2018,0
11,2,2018,0
12,2,2018,83.3
13,2,2018,82.895
14,2,2018,83.35
15,2,2018,82.895
16,2,2018,83.35
17,2,2018,0
18,2,2018,0
19,2,2018,83.35
20,2,2018,82.935
21,2,2018,83.45
22,2,2018,83.45
23,2,2018,83.45
24,2,2018,0
25,2,2018,0
26,2,2018,83.45
27,2,2018,83.45
28,2,2018,83.45
1,3,2018,83.475
2,3,2018,82.955
3,3,2018,0
4,3,2018,0
5,3,2018,82.955
6,3,2018,83.485
7,3,2018,83.195
8,3,2018,83.485
9,3,2018,83.295
10,3,2018,0
11,3,2018,0
12,3,2018,83.295
13,3,2018,82.955
14,3,2018,83.49
15,3,2018,83.015
16,3,2018,83.18
17,3,2018,0
18,3,2018,0
19,3,2018,83.18
20,3,2018,83.18
21,3,2018,83.33
22,3,2018,83.01
23,3,2018,82.955
24,3,2018,0
25,3,2018,0
26,3,2018,82.955
27,3,2018,82.955
28,3,2018,82.955
29,3,2018,82.955
30,3,2018,83.18
31,3,2018,0
1,4,2018,0
2,4,2018,83.18
3,4,2018,83.0
4,4,2018,82.955
5,4,2018,82.955
6,4,2018,83.0
7,4,2018,0
8,4,2018,0
9,4,2018,82.95
10,4,2018,83.245
11,4,2018,82.95
12,4,2018,82.975
13,4,2018,83.04
14,4,2018,0
15,4,2018,0
16,4,2018,83.015
17,4,2018,83.0
18,4,2018,83.025
19,4,2018,83.03
20,4,2018,82.95
21,4,2018,0
22,4,2018,0
23,4,2018,83.0
24,4,2018,0
25,4,2018,0
26,4,2018,0
27,4,2018,0
28,4,2018,0
29,4,2018,0
30,4,2018,82.975
1,5,2018,84.67005
2,5,2018,84.77095
3,5,2018,84.59215
4,5,2018,84.75015
5,5,2018,84.73795
6,5,2018,84.65695
7,5,2018,84.65695
8,5,2018,84.70025
9,5,2018,84.71285
10,5,2018,84.72175
11,5,2018,84.81685
12,5,2018,84.75795
13,5,2018,84.75785
14,5,2018,84.58595
15,5,2018,84.64385
16,5,2018,84.83295
17,5,2018,84.83485
18,5,2018,84.82155
19,5,2018,84.80595
20,5,2018,84.73395
21,5,2018,84.73395
22,5,2018,84.80365
23,5,2018,84.80355
24,5,2018,84.63285
25,5,2018,84.50495
26,5,2018,84.52595
27,5,2018,84.52595
28,5,2018,84.52595
29,5,2018,84.58575
30,5,2018,84.52695
31,5,2018,84.44595
1,6,2018,84.50415
2,6,2018,84.52295
3,6,2018,84.79195
4,6,2018,84.79195
5,6,2018,84.77095
6,6,2018,84.66615
7,6,2018,84.65375
8,6,2018,84.62685
9,6,2018,84.70015
10,6,2018,84.32695
11,6,2018,84.32695
12,6,2018,84.60095
13,6,2018,84.61405
14,6,2018,84.53605
15,6,2018,84.59635
16,6,2018,84.54395
17,6,2018,84.54415
18,6,2018,84.54415
19,6,2018,84.50295
20,6,2018,84.51685
21,6,2018,84.50785
22,6,2018,84.51595
23,6,2018,84.48995
24,6,2018,84.48985
25,6,2018,84.48985
26,6,2018,84.37815
27,6,2018,84.52605
28,6,2018,84.52005
29,6,2018,84.32595
30,6,2018,83.6941
1,7,2018,83.69405
2,7,2018,83.69405
3,7,2018,83.47895
4,7,2018,84.28595
5,7,2018,84.17305
6,7,2018,84.12615
7,7,2018,83.93795
8,7,2018,83.93795
9,7,2018,83.45495
10,7,2018,83.46595
11,7,2018,83.78995
12,7,2018,83.87595
13,7,2018,84.05995
14,7,2018,83.77595
15,7,2018,83.77595
16,7,2018,83.77595
17,7,2018,83.41895
18,7,2018,84.46395
19,7,2018,84.51695
20,7,2018,84.55595
21,7,2018,84.43995
22,7,2018,83.92495
23,7,2018,83.92495
24,7,2018,83.90295
25,7,2018,84.50895
26,7,2018,84.47995
27,7,2018,84.49795
28,7,2018,84.50495
29,7,2018,84.50495
30,7,2018,84.50495
31,7,2018,84.35995
1,8,2018,84.45795
2,8,2018,84.51795
3,8,2018,84.61995
4,8,2018,84.45895
5,8,2018,84.45895
6,8,2018,84.45895
7,8,2018,84.55995
8,8,2018,84.48795
9,8,2018,84.49195
10,8,2018,84.50795
11,8,2018,84.49295
12,8,2018,84.49295
13,8,2018,84.49295
14,8,2018,84.49295
15,8,2018,84.49295
16,8,2018,84.49295
17,8,2018,84.49295
18,8,2018,84.49295
19,8,2018,84.49295
20,8,2018,84.49295
21,8,2018,83.93295
22,8,2018,83.81795
23,8,2018,83.78195
24,8,2018,83.86595
25,8,2018,83.47095
26,8,2018,83.47095
27,8,2018,83.47095
28,8,2018,83.45795
29,8,2018,83.47995
30,8,2018,83.58395
31,8,2018,83.91195
1,9,2018,83.84195
2,9,2018,83.84195
3,9,2018,83.84195
4,9,2018,84.12595
5,9,2018,83.94195
6,9,2018,83.81195
7,9,2018,83.79195
8,9,2018,83.90495
9,9,2018,83.90495
10,9,2018,83.90495
11,9,2018,84.12395
12,9,2018,83.90795
13,9,2018,83.72295
14,9,2018,83.82595
15,9,2018,83.81795
16,9,2018,83.81795
17,9,2018,83.81795
18,9,2018,83.76995
19,9,2018,83.89395
20,9,2018,83.94695
21,9,2018,83.98395
22,9,2018,83.78595
23,9,2018,83.74995
24,9,2018,83.74995
25,9,2018,84.10395
26,9,2018,84.09095
27,9,2018,84.05595
28,9,2018,84.03095
29,9,2018,83.81495
30,9,2018,83.81995
1,10,2018,83.81995
2,10,2018,83.81995
3,10,2018,83.81995
4,10,2018,83.81995
5,10,2018,83.81995
6,10,2018,83.81995
7,10,2018,83.81995
8,10,2018,83.81995
9,10,2018,83.81995
10,10,2018,83.81995
11,10,2018,83.81995
12,10,2018,83.81995
13,10,2018,83.81995
14,10,2018,83.81995
15,10,2018,83.81995
16,10,2018,83.81995
17,10,2018,83.81995
18,10,2018,83.81995
19,10,2018,83.81995
20,10,2018,83.81995
21,10,2018,83.81995
22,10,2018,83.81995
23,10,2018,83.81995
24,10,2018,83.81995
25,10,2018,83.81995
26,10,2018,83.81995
27,10,2018,83.81995
28,10,2018,83.81995
29,10,2018,83.81995
30,10,2018,83.81995
31,10,2018,83.81995
1,11,2018,84.05095
2,11,2018,83.82795
3,11,2018,83.84395
4,11,2018,83.84395
5,11,2018,83.84395
6,11,2018,83.86995
7,11,2018,83.80795
8,11,2018,83.89595
9,11,2018,83.83395
10,11,2018,83.79095
11,11,2018,83.79095
12,11,2018,83.79095
13,11,2018,83.80195
14,11,2018,83.83395
15,11,2018,83.86495
16,11,2018,83.89445
17,11,2018,83.70695
18,11,2018,83.11445
19,11,2018,83.11445
20,11,2018,83.13895
21,11,2018,83.20295
22,11,2018,83.55995
23,11,2018,83.91395
24,11,2018,83.85545
25,11,2018,83.92995
26,11,2018,83.92995
27,11,2018,83.89195
28,11,2018,83.87795
29,11,2018,83.90195
30,11,2018,83.85795
1,12,2018,83.81695
2,12,2018,83.81695
3,12,2018,84.18995
4,12,2018,84.12795
5,12,2018,83.88995
6,12,2018,83.90595
7,12,2018,83.86795
8,12,2018,83.73395
9,12,2018,83.73395
10,12,2018,83.73395
11,12,2018,83.85895
12,12,2018,83.87095
13,12,2018,83.89595
14,12,2018,83.91695
15,12,2018,83.79395
16,12,2018,83.79395
17,12,2018,83.79395
18,12,2018,83.89595
19,12,2018,83.89595
20,12,2018,83.90595
21,12,2018,83.92595
22,12,2018,83.63595
23,12,2018,83.63595
24,12,2018,83.63595
25,12,2018,83.93695
26,12,2018,83.94695
27,12,2018,83.94695
28,12,2018,83.81995
29,12,2018,83.74795
30,12,2018,83.74795
31,12,2018,83.74795
1,1,2019,83.64595
2,1,2019,83.70595
3,1,2019,83.91195
4,1,2019,83.96195
5,1,2019,83.84995
6,1,2019,83.84995
7,1,2019,83.84995
8,1,2019,83.92195
9,1,2019,83.93595
10,1,2019,83.95395
11,1,2019,83.94995
12,1,2019,83.71195
13,1,2019,83.71195
14,1,2019,83.71195
15,1,2019,83.92195
16,1,2019,83.95995
17,1,2019,83.90995
18,1,2019,83.90895
19,1,2019,83.67395
20,1,2019,83.67395
21,1,2019,83.67395
22,1,2019,83.98295
23,1,2019,83.92895
24,1,2019,83.93095
25,1,2019,83.89695
26,1,2019,83.76395
27,1,2019,83.36795
28,1,2019,83.36795
29,1,2019,83.43595
30,1,2019,83.55895
31,1,2019,83.73195
1,2,2019,83.80295
2,2,2019,83.70795
3,2,2019,83.70795
4,2,2019,83.70795
5,2,2019,83.92195
6,2,2019,83.93395
7,2,2019,83.91795
8,2,2019,83.90395
9,2,2019,83.83795
10,2,2019,83.86795
11,2,2019,83.86795
12,2,2019,83.90495
13,2,2019,83.96795
14,2,2019,83.94595
15,2,2019,84.01995
16,2,2019,84.03195
17,2,2019,84.03195
18,2,2019,84.03195
19,2,2019,84.03195
20,2,2019,84.03195
21,2,2019,84.03195
22,2,2019,84.03195
23,2,2019,84.03195
24,2,2019,84.03195
25,2,2019,83.98295
26,2,2019,84.14595
27,2,2019,84.14295
28,2,2019,84.16695
1,3,2019,83.86395
2,3,2019,83.86495
3,3,2019,83.86495
4,3,2019,83.86495
5,3,2019,84.09995
6,3,2019,84.14595
7,3,2019,84.11495
8,3,2019,84.08895
9,3,2019,83.84595
10,3,2019,83.84595
11,3,2019,83.66995
12,3,2019,83.82995
13,3,2019,83.95795
14,3,2019,83.97995
15,3,2019,83.99395
16,3,2019,83.95895
17,3,2019,83.95895
18,3,2019,83.95895
19,3,2019,84.24395
20,3,2019,84.36395
21,3,2019,84.33795
22,3,2019,84.23195
23,3,2019,83.91695
24,3,2019,83.91695
25,3,2019,83.75395
26,3,2019,84.16095
27,3,2019,83.93795
28,3,2019,84.21895
29,3,2019,84.24995
30,3,2019,84.05795
31,3,2019,84.05795
1,4,2019,84.05795
2,4,2019,84.17895
3,4,2019,84.23595
4,4,2019,84.24395
5,4,2019,84.29195
6,4,2019,84.45995
7,4,2019,84.45995
8,4,2019,84.45995
9,4,2019,84.17295
10,4,2019,84.33495
11,4,2019,84.34795
12,4,2019,84.53695
13,4,2019,84.53395
14,4,2019,84.53395
15,4,2019,84.39295
16,4,2019,84.28195
17,4,2019,84.35795
18,4,2019,84.36795
19,4,2019,84.34195
20,4,2019,84.48595
21,4,2019,84.48595
22,4,2019,84.48595
23,4,2019,84.41795
24,4,2019,84.36195
25,4,2019,84.38195
26,4,2019,84.36995
27,4,2019,84.05395
28,4,2019,84.05395
29,4,2019,83.83395
30,4,2019,83.86195
1,5,2019,84.44995
2,5,2019,84.41995
3,5,2019,84.41195
4,5,2019,84.37995
5,5,2019,84.37995
6,5,2019,84.37995
7,5,2019,84.28995
8,5,2019,84.45695
9,5,2019,84.49595
10,5,2019,84.51195
11,5,2019,84.36195
12,5,2019,84.36195
13,5,2019,84.36195
14,5,2019,84.42795
15,5,2019,84.45995
16,5,2019,84.50595
17,5,2019,84.48395
18,5,2019,84.24795
19,5,2019,84.24795
20,5,2019,84.24795
21,5,2019,84.38095
22,5,2019,84.49795
23,5,2019,84.61595
24,5,2019,84.58195
25,5,2019,84.24595
26,5,2019,84.09995
27,5,2019,84.09995
28,5,2019,84.12995
29,5,2019,84.19395
30,5,2019,84.62495
31,5,2019,84.47995
1,6,2019,84.43795
2,6,2019,84.43795
3,6,2019,84.01695
4,6,2019,84.09695
5,6,2019,84.59795
6,6,2019,84.73995
7,6,2019,84.63395
8,6,2019,84.52795
9,6,2019,84.52795
10,6,2019,84.52795
11,6,2019,84.31195
12,6,2019,84.46095
13,6,2019,84.49595
14,6,2019,84.58195
15,6,2019,84.60095
16,6,2019,84.60095
17,6,2019,84.73695
18,6,2019,84.75195
19,6,2019,84.55095
20,6,2019,84.50395
21,6,2019,84.48495
22,6,2019,84.27895
23,6,2019,84.27895
24,6,2019,84.27895
25,6,2019,84.46195
26,6,2019,84.53395
27,6,2019,84.50195
28,6,2019,84.52195
29,6,2019,84.56995
30,6,2019,84.56995
1,7,2019,84.56995
2,7,2019,84.80495
3,7,2019,84.54395
4,7,2019,84.49095
5,7,2019,84.49995
6,7,2019,84.49595
7,7,2019,84.51395
8,7,2019,84.51395
9,7,2019,84.52795
10,7,2019,84.49595
11,7,2019,84.49595
12,7,2019,84.40895
13,7,2019,84.47495
14,7,2019,84.47495
15,7,2019,84.47495
16,7,2019,84.45195
17,7,2019,84.47695
18,7,2019,84.51995
19,7,2019,84.49995
20,7,2019,84.49995
21,7,2019,84.49995
22,7,2019,84.50695
23,7,2019,84.51295
24,7,2019,84.50195
25,7,2019,84.51395
26,7,2019,84.49395
27,7,2019,84.44595
28,7,2019,84.44595
29,7,2019,84.44595
30,7,2019,84.50495
31,7,2019,84.46395
1,8,2019,84.45595
2,8,2019,84.51195
3,8,2019,84.48995
4,8,2019,84.48995
5,8,2019,84.48995
6,8,2019,84.47295
7,8,2019,84.48495
8,8,2019,84.48195
9,8,2019,84.50795
10,8,2019,84.44495
11,8,2019,84.44495
12,8,2019,84.44495
13,8,2019,84.47295
14,8,2019,84.60195
15,8,2019,84.48395
16,8,2019,84.46395
17,8,2019,84.54395
18,8,2019,84.54395
19,8,2019,84.54395
20,8,2019,84.46995
21,8,2019,84.50195
22,8,2019,84.48395
23,8,2019,84.54995
24,8,2019,84.41595
25,8,2019,83.01595
26,8,2019,83.01595
27,8,2019,83.74545
28,8,2019,84.49395
29,8,2019,84.51195
30,8,2019,84.51195
31,8,2019,84.48995
1,9,2019,84.48995
2,9,2019,84.48995
3,9,2019,84.67495
4,9,2019,84.49595
5,9,2019,84.49195
6,9,2019,84.42995
7,9,2019,84.55995
8,9,2019,84.55995
9,9,2019,84.54195
10,9,2019,84.33595
11,9,2019,84.33795
12,9,2019,84.47595
13,9,2019,84.49495
14,9,2019,84.49595
15,9,2019,84.49595
16,9,2019,84.49595
17,9,2019,84.52495
18,9,2019,84.58095
19,9,2019,84.49195
20,9,2019,84.50895
21,9,2019,84.51995
22,9,2019,84.51995
23,9,2019,84.51995
24,9,2019,84.52795
25,9,2019,84.48295
26,9,2019,84.51595
27,9,2019,84.46995
28,9,2019,84.54995
29,9,2019,84.54995
30,9,2019,84.54845
1,10,2019,84.66595
2,10,2019,84.25395
3,10,2019,84.19195
4,10,2019,84.21195
5,10,2019,84.55395
6,10,2019,84.57895
7,10,2019,84.57895
8,10,2019,84.58995
9,10,2019,84.59795
10,10,2019,84.62795
11,10,2019,84.64095
12,10,2019,84.67895
13,10,2019,84.67895
14,10,2019,84.711
15,10,2019,84.7332
16,10,2019,84.7417
17,10,2019,84.7403
18,10,2019,84.7221
19,10,2019,84.7131
20,10,2019,84.7131
21,10,2019,84.7131
22,10,2019,84.6917
23,10,2019,84.68785
24,10,2019,84.6895
25,10,2019,84.67895
26,10,2019,84.7157
27,10,2019,84.7157
28,10,2019,84.7157
29,10,2019,84.7998
30,10,2019,84.728
31,10,2019,84.67215
1,11,2019,84.62295
2,11,2019,84.64035
3,11,2019,84.64035
4,11,2019,84.64025
5,11,2019,84.6288
6,11,2019,84.67365
7,11,2019,84.7479
8,11,2019,84.81465
9,11,2019,84.8431
10,11,2019,84.8431
11,11,2019,84.8431
12,11,2019,84.77605
13,11,2019,84.7611
14,11,2019,84.77775
15,11,2019,84.76705
16,11,2019,84.73665
17,11,2019,84.73665
18,11,2019,84.73665
19,11,2019,84.69975
20,11,2019,84.6985
21,11,2019,84.735
22,11,2019,84.7281
23,11,2019,84.77505
24,11,2019,84.77505
25,11,2019,84.77505
26,11,2019,84.79435
27,11,2019,84.80445
28,11,2019,84.8177
29,11,2019,84.85505
30,11,2019,84.8515
1,12,2019,84.845
2,12,2019,84.845
3,12,2019,84.844
4,12,2019,84.8548
5,12,2019,84.8423
6,12,2019,84.83475
7,12,2019,84.82015
8,12,2019,84.82015
9,12,2019,84.822
10,12,2019,84.867
11,12,2019,84.8833
12,12,2019,84.876
13,12,2019,84.7602
14,12,2019,84.76195
15,12,2019,84.76195
16,12,2019,84.76195
17,12,2019,85.1095
18,12,2019,84.95085
19,12,2019,84.9571
20,12,2019,84.9489
21,12,2019,84.94105
22,12,2019,84.94105
23,12,2019,84.94105
24,12,2019,84.9439
25,12,2019,84.9225
26,12,2019,84.90355
27,12,2019,84.8912
28,12,2019,84.8688
29,12,2019,84.8688
30,12,2019,84.8688
31,12,2019,84.8387
1,1,2020,84.81055
2,1,2020,84.81055
3,1,2020,85.0575
4,1,2020,84.98325
5,1,2020,84.98325
6,1,2020,84.98325
7,1,2020,84.90975
8,1,2020,84.9197
9,1,2020,84.88925
10,1,2020,84.89185
11,1,2020,84.8851
12,1,2020,84.8851
13,1,2020,84.60525
14,1,2020,84.6027
15,1,2020,84.73335
16,1,2020,84.7165
17,1,2020,84.7487
18,1,2020,84.81299999999997
19,1,2020,84.83885
20,1,2020,84.83885
21,1,2020,84.90995
22,1,2020,84.89565
23,1,2020,84.90385
24,1,2020,84.88
25,1,2020,84.90235
26,1,2020,84.90235
27,1,2020,84.90235
28,1,2020,84.89775
29,1,2020,84.8946
30,1,2020,84.8601
31,1,2020,84.86155
1,2,2020,84.8106
2,2,2020,84.8106
3,2,2020,84.8106
4,2,2020,84.83255
5,2,2020,84.8425
6,2,2020,84.88865
7,2,2020,84.9498
8,2,2020,84.96985
9,2,2020,84.96985
10,2,2020,84.96985
11,2,2020,84.97865
12,2,2020,85.00125
13,2,2020,84.98635
14,2,2020,84.999
15,2,2020,85.00495
16,2,2020,85.00495
17,2,2020,85.00495
18,2,2020,84.91345
19,2,2020,85.0015
20,2,2020,85.0134
21,2,2020,84.9657
22,2,2020,84.98
23,2,2020,84.98
24,2,2020,84.98
25,2,2020,84.8543
26,2,2020,84.8335
27,2,2020,84.8392
28,2,2020,84.9012
1,3,2020,84.82455
2,3,2020,84.82455
3,3,2020,84.76655
4,3,2020,84.79015
5,3,2020,84.78255
6,3,2020,84.7858
7,3,2020,84.78935
8,3,2020,84.78935
9,3,2020,84.78935
10,3,2020,84.7737
11,3,2020,84.7815
12,3,2020,84.8206
13,3,2020,84.9252
14,3,2020,84.9252
15,3,2020,84.9252
16,3,2020,85.335
17,3,2020,85.0556
18,3,2020,85.0395
19,3,2020,84.9751
20,3,2020,85.0017
21,3,2020,84.6729
22,3,2020,84.6729
23,3,2020,84.6729
24,3,2020,84.74055
25,3,2020,84.74055
26,3,2020,84.68700000000003
27,3,2020,84.68700000000003
28,3,2020,84.64565
29,3,2020,84.64565
30,3,2020,84.64565
31,3,2020,84.9411
1,4,2020,85.36065
2,4,2020,85.1724
3,4,2020,85.1724
4,4,2020,85.1724
5,4,2020,85.1724
6,4,2020,85.1724
7,4,2020,84.85985
8,4,2020,84.9211
9,4,2020,84.94635
10,4,2020,84.94345
11,4,2020,84.94345
12,4,2020,84.94345
13,4,2020,84.94345
14,4,2020,84.94345
15,4,2020,84.78105
16,4,2020,84.7432
17,4,2020,84.751
18,4,2020,84.75845
19,4,2020,84.75845
20,4,2020,84.81375
21,4,2020,84.83965
22,4,2020,84.82955
23,4,2020,84.79625
24,4,2020,84.8412
25,4,2020,84.9263
26,4,2020,84.9263
27,4,2020,84.9263
28,4,2020,84.84275
29,4,2020,84.93565
30,4,2020,84.97545
1,5,2020,84.9525
2,5,2020,84.9525
3,5,2020,84.9525
4,5,2020,84.9525
5,5,2020,84.8583
6,5,2020,84.854
7,5,2020,84.82465
8,5,2020,84.84425
9,5,2020,84.8516
10,5,2020,84.8516
11,5,2020,84.8516
12,5,2020,84.88245
13,5,2020,84.88245
14,5,2020,85.00685
15,5,2020,85.04715
16,5,2020,85.0801
17,5,2020,85.0801
18,5,2020,85.0802
19,5,2020,85.0708
20,5,2020,85.0528
21,5,2020,84.99155
22,5,2020,84.94185
23,5,2020,84.98515
24,5,2020,84.98515
25,5,2020,84.98515
26,5,2020,85.0308
27,5,2020,85.06345
28,5,2020,85.04835
29,5,2020,85.05805
30,5,2020,85.05805
31,5,2020,85.05805
1,6,2020,85.05805
2,6,2020,85.01605
3,6,2020,84.96215
4,6,2020,84.9058
5,6,2020,84.8843
6,6,2020,84.88995
7,6,2020,84.88995
8,6,2020,84.88995
9,6,2020,84.9108
10,6,2020,84.91315
11,6,2020,84.92025
12,6,2020,84.88875
13,6,2020,85.0478
14,6,2020,85.0478
15,6,2020,84.92955
16,6,2020,85.0013
17,6,2020,84.97295
18,6,2020,85.0098
19,6,2020,85.0098
20,6,2020,85.0098
21,6,2020,85.0098
22,6,2020,85.0098
23,6,2020,84.96345
24,6,2020,84.86615
25,6,2020,84.88825
26,6,2020,84.90435
27,6,2020,84.8671
28,6,2020,84.8671
29,6,2020,84.8671
30,6,2020,84.84485
1,7,2020,85.0581
2,7,2020,84.91345
3,7,2020,84.8935
4,7,2020,84.93225
5,7,2020,84.93225
6,7,2020,84.93225
7,7,2020,84.86715
8,7,2020,84.82185
9,7,2020,84.8151
10,7,2020,84.60325
11,7,2020,84.8047
12,7,2020,84.8047
13,7,2020,84.83715
14,7,2020,84.8302
15,7,2020,84.80885
16,7,2020,84.81145
17,7,2020,84.79465
18,7,2020,84.7841
19,7,2020,84.7841
20,7,2020,84.7841
21,7,2020,84.76899999999998
22,7,2020,84.7776
23,7,2020,84.80795
24,7,2020,84.79615
25,7,2020,84.76799999999999
26,7,2020,84.76799999999999
27,7,2020,84.76799999999999
28,7,2020,84.77005
29,7,2020,84.74515
30,7,2020,84.8926
31,7,2020,84.7437
1,8,2020,84.60265
2,8,2020,84.60265
3,8,2020,84.60265
4,8,2020,84.74655
5,8,2020,84.7313
6,8,2020,84.69065
7,8,2020,84.68915
8,8,2020,84.7485
9,8,2020,84.7485
10,8,2020,84.7485
11,8,2020,84.78535
12,8,2020,84.90055
13,8,2020,84.96725
14,8,2020,84.9347
15,8,2020,84.9305
16,8,2020,84.9305
17,8,2020,84.9305
18,8,2020,84.87185
19,8,2020,84.79685
20,8,2020,84.6331
21,8,2020,84.84225
22,8,2020,84.7282
23,8,2020,84.7282
24,8,2020,84.7282
25,8,2020,84.7654
26,8,2020,84.8053
27,8,2020,84.7974
28,8,2020,84.81
29,8,2020,84.80085
30,8,2020,84.80085
31,8,2020,84.80085
1,9,2020,84.76935
2,9,2020,84.75565
3,9,2020,84.75885
4,9,2020,84.8043
5,9,2020,84.7916
6,9,2020,84.7916
7,9,2020,84.7916
8,9,2020,84.8006
9,9,2020,84.83735
10,9,2020,84.85665
11,9,2020,84.78285
12,9,2020,84.80535
13,9,2020,84.80535
14,9,2020,84.80535
15,9,2020,84.8108
16,9,2020,84.88225
17,9,2020,85.31915
18,9,2020,85.34935
19,9,2020,85.01875
20,9,2020,85.01875
21,9,2020,85.01875
22,9,2020,84.9218
23,9,2020,84.9313
24,9,2020,84.8862
25,9,2020,84.87799999999999
26,9,2020,84.87175
27,9,2020,84.87175
28,9,2020,84.87175
29,9,2020,84.87755
30,9,2020,84.74635
1,10,2020,84.6958
2,10,2020,84.71045
3,10,2020,84.74275
4,10,2020,84.74275
5,10,2020,84.74275
6,10,2020,84.72925
7,10,2020,84.6899
8,10,2020,84.80015
9,10,2020,84.7918
10,10,2020,84.8004
11,10,2020,84.8004
12,10,2020,84.8004
13,10,2020,84.809
14,10,2020,84.79565
15,10,2020,84.86105
16,10,2020,84.8312
17,10,2020,84.82645
18,10,2020,84.82645
19,10,2020,84.82645
20,10,2020,84.8177
21,10,2020,84.7137
22,10,2020,84.71645
23,10,2020,84.75585
24,10,2020,84.79285
25,10,2020,84.79285
26,10,2020,84.79285
27,10,2020,84.7996
28,10,2020,84.7992
29,10,2020,84.807
30,10,2020,84.7836
31,10,2020,84.8219
1,11,2020,0
2,11,2020,0
3,11,2020,0
4,11,2020,0
5,11,2020,0
6,11,2020,0
7,11,2020,0
8,11,2020,0
9,11,2020,0
10,11,2020,0
11,11,2020,0
12,11,2020,0
13,11,2020,0
14,11,2020,0
15,11,2020,0
16,11,2020,0
17,11,2020,0
18,11,2020,0
19,11,2020,0
20,11,2020,0
21,11,2020,0
22,11,2020,0
23,11,2020,0
24,11,2020,0
25,11,2020,0
26,11,2020,0
27,11,2020,0
28,11,2020,0
29,11,2020,0
30,11,2020,0
1,12,2020,0
2,12,2020,0
3,12,2020,0
4,12,2020,0
5,12,2020,0
6,12,2020,0
7,12,2020,0
8,12,2020,0
9,12,2020,0
10,12,2020,0
11,12,2020,0
12,12,2020,0
13,12,2020,0
14,12,2020,0
15,12,2020,0
16,12,2020,0
17,12,2020,0
18,12,2020,0
19,12,2020,0
20,12,2020,0
21,12,2020,0
22,12,2020,0
23,12,2020,0
24,12,2020,0
25,12,2020,0
26,12,2020,0
27,12,2020,0
28,12,2020,0
29,12,2020,0
30,12,2020,0
31,12,2020,0
