4,1,2010,110.859
5,1,2010,110.531
6,1,2010,109.924
7,1,2010,110.423
8,1,2010,109.906
9,1,2010,115.0
10,1,2010,115.0
11,1,2010,110.844
12,1,2010,111.106
13,1,2010,111.472
14,1,2010,112.313
15,1,2010,112.665
16,1,2010,115.0
17,1,2010,115.0
18,1,2010,111.658
19,1,2010,112.187
20,1,2010,112.872
21,1,2010,112.219
22,1,2010,111.294
23,1,2010,115.0
24,1,2010,115.0
25,1,2010,110.966
26,1,2010,111.806
27,1,2010,111.145
28,1,2010,111.721
29,1,2010,110.912
30,1,2010,115.0
31,1,2010,115.0
1,2,2010,110.419
2,2,2010,109.836
3,2,2010,109.947
4,2,2010,109.348
5,2,2010,108.466
6,2,2010,115.0
7,2,2010,115.0
8,2,2010,107.337
9,2,2010,107.261
10,2,2010,108.184
11,2,2010,107.557
12,2,2010,108.337
13,2,2010,115.0
14,2,2010,115.0
15,2,2010,108.171
16,2,2010,108.411
17,2,2010,108.917
18,2,2010,108.116
19,2,2010,107.212
20,2,2010,115.0
21,2,2010,115.0
22,2,2010,106.771
23,2,2010,106.798
24,2,2010,106.419
25,2,2010,106.308
26,2,2010,105.315
27,2,2010,115.0
28,2,2010,115.0
1,3,2010,104.583
2,3,2010,103.696
3,3,2010,103.293
4,3,2010,104.162
5,3,2010,103.728
6,3,2010,115.0
7,3,2010,115.0
8,3,2010,104.425
9,3,2010,103.962
10,3,2010,103.459
11,3,2010,103.314
12,3,2010,104.238
13,3,2010,115.0
14,3,2010,115.0
15,3,2010,104.694
16,3,2010,103.845
17,3,2010,105.218
18,3,2010,105.68
19,3,2010,105.17
20,3,2010,115.0
21,3,2010,115.0
22,3,2010,103.724
23,3,2010,104.224
24,3,2010,103.748
25,3,2010,102.975
26,3,2010,102.515
27,3,2010,115.0
28,3,2010,115.0
29,3,2010,103.508
30,3,2010,103.294
31,3,2010,104.277
1,4,2010,105.066
2,4,2010,105.425
3,4,2010,115.0
4,4,2010,115.0
5,4,2010,105.71
6,4,2010,105.146
7,4,2010,105.218
8,4,2010,105.011
9,4,2010,105.335
10,4,2010,115.0
11,4,2010,115.0
12,4,2010,106.528
13,4,2010,105.914
14,4,2010,106.045
15,4,2010,106.652
16,4,2010,106.617
17,4,2010,115.0
18,4,2010,115.0
19,4,2010,105.404
20,4,2010,105.742
21,4,2010,106.045
22,4,2010,106.224
23,4,2010,106.08
24,4,2010,115.0
25,4,2010,115.0
26,4,2010,106.08
27,4,2010,106.548
28,4,2010,105.094
29,4,2010,104.825
30,4,2010,105.776
1,5,2010,115.0
2,5,2010,115.0
3,5,2010,105.604
4,5,2010,105.045
5,5,2010,104.301
6,5,2010,104.135
7,5,2010,101.729
8,5,2010,115.0
9,5,2010,115.0
10,5,2010,102.829
11,5,2010,102.494
12,5,2010,102.949
13,5,2010,102.663
14,5,2010,101.05
15,5,2010,115.0
16,5,2010,115.0
17,5,2010,100.579
18,5,2010,100.302
19,5,2010,99.0
20,5,2010,100.122
21,5,2010,98.931
22,5,2010,115.0
23,5,2010,115.0
24,5,2010,100.222
25,5,2010,99.799
26,5,2010,99.99
27,5,2010,99.642
28,5,2010,100.449
29,5,2010,115.0
30,5,2010,115.0
31,5,2010,99.423
1,6,2010,100.119
2,6,2010,101.421
3,6,2010,101.481
4,6,2010,101.267
5,6,2010,115.0
6,6,2010,115.0
7,6,2010,100.009
8,6,2010,100.279
9,6,2010,100.236
10,6,2010,100.627
11,6,2010,101.777
12,6,2010,115.0
13,6,2010,115.0
14,6,2010,100.835
15,6,2010,102.136
16,6,2010,102.49
17,6,2010,101.943
18,6,2010,102.594
19,6,2010,115.0
20,6,2010,115.0
21,6,2010,102.931
22,6,2010,102.354
23,6,2010,102.71
24,6,2010,103.788
25,6,2010,103.328
26,6,2010,115.0
27,6,2010,115.0
28,6,2010,104.461
29,6,2010,104.54
30,6,2010,104.519
1,7,2010,103.861
2,7,2010,105.156
3,7,2010,115.0
4,7,2010,115.0
5,7,2010,105.246
6,7,2010,105.03
7,7,2010,105.171
8,7,2010,105.287
9,7,2010,105.203
10,7,2010,115.0
11,7,2010,115.0
12,7,2010,104.468
13,7,2010,104.349
14,7,2010,105.432
15,7,2010,106.015
16,7,2010,107.161
17,7,2010,115.0
18,7,2010,115.0
19,7,2010,106.085
20,7,2010,105.655
21,7,2010,105.974
22,7,2010,105.321
23,7,2010,105.842
24,7,2010,115.0
25,7,2010,115.0
26,7,2010,106.987
27,7,2010,107.452
28,7,2010,108.208
29,7,2010,108.174
30,7,2010,108.361
31,7,2010,115.0
1,8,2010,115.0
2,8,2010,109.125
3,8,2010,110.27
4,8,2010,110.665
5,8,2010,110.263
6,8,2010,110.242
7,8,2010,115.0
8,8,2010,115.0
9,8,2010,110.95
10,8,2010,110.346
11,8,2010,109.992
12,8,2010,108.562
13,8,2010,108.077
14,8,2010,115.0
15,8,2010,115.0
16,8,2010,108.118
17,8,2010,108.023
18,8,2010,108.091
19,8,2010,108.243
20,8,2010,107.663
21,8,2010,115.0
22,8,2010,115.0
23,8,2010,107.324
24,8,2010,106.895
25,8,2010,106.336
26,8,2010,107.594
27,8,2010,107.949
28,8,2010,115.0
29,8,2010,115.0
30,8,2010,108.039
31,8,2010,107.524
1,9,2010,106.536
2,9,2010,107.195
3,9,2010,107.091
4,9,2010,115.0
5,9,2010,115.0
6,9,2010,107.147
7,9,2010,106.82
8,9,2010,106.578
9,9,2010,106.982
10,9,2010,106.551
11,9,2010,115.0
12,9,2010,115.0
13,9,2010,106.006
14,9,2010,107.305
15,9,2010,107.178
16,9,2010,108.226
17,9,2010,108.67
18,9,2010,115.0
19,9,2010,115.0
20,9,2010,108.955
21,9,2010,108.193
22,9,2010,108.115
23,9,2010,108.263
24,9,2010,108.521
25,9,2010,115.0
26,9,2010,115.0
27,9,2010,109.805
28,9,2010,109.384
29,9,2010,109.652
30,9,2010,109.59
1,10,2010,108.692
2,10,2010,115.0
3,10,2010,115.0
4,10,2010,111.418
5,10,2010,111.566
6,10,2010,111.216
7,10,2010,110.884
8,10,2010,110.766
9,10,2010,115.0
10,10,2010,115.0
11,10,2010,112.199
12,10,2010,111.568
13,10,2010,109.91
14,10,2010,111.403
15,10,2010,112.202
16,10,2010,115.0
17,10,2010,115.0
18,10,2010,112.048
19,10,2010,111.424
20,10,2010,110.001
21,10,2010,111.024
22,10,2010,110.591
23,10,2010,115.0
24,10,2010,115.0
25,10,2010,109.427
26,10,2010,111.154
27,10,2010,112.197
28,10,2010,111.279
29,10,2010,112.668
30,10,2010,115.0
31,10,2010,115.0
1,11,2010,113.392
2,11,2010,113.242
3,11,2010,113.135
4,11,2010,113.379
5,11,2010,113.537
6,11,2010,115.0
7,11,2010,115.0
8,11,2010,114.006
9,11,2010,113.484
10,11,2010,112.527
11,11,2010,113.492
12,11,2010,113.471
13,11,2010,115.0
14,11,2010,115.0
15,11,2010,113.689
16,11,2010,112.853
17,11,2010,111.657
18,11,2010,111.798
19,11,2010,112.747
20,11,2010,115.0
21,11,2010,115.0
22,11,2010,112.325
23,11,2010,112.171
24,11,2010,110.937
25,11,2010,110.949
26,11,2010,110.786
27,11,2010,115.0
28,11,2010,115.0
29,11,2010,109.643
30,11,2010,109.556
1,12,2010,109.472
2,12,2010,109.901
3,12,2010,109.916
4,12,2010,115.0
5,12,2010,115.0
6,12,2010,111.159
7,12,2010,110.862
8,12,2010,111.201
9,12,2010,111.523
10,12,2010,111.322
11,12,2010,115.0
12,12,2010,115.0
13,12,2010,111.346
14,12,2010,111.984
15,12,2010,111.177
16,12,2010,109.493
17,12,2010,110.106
18,12,2010,115.0
19,12,2010,115.0
20,12,2010,109.219
21,12,2010,109.564
22,12,2010,108.979
23,12,2010,108.38
24,12,2010,108.697
25,12,2010,115.0
26,12,2010,115.0
27,12,2010,108.789
28,12,2010,108.928
29,12,2010,108.631
30,12,2010,109.176
31,12,2010,108.662
1,1,2011,115.0
2,1,2011,115.0
3,1,2011,109.677
4,1,2011,109.078
5,1,2011,110.583
6,1,2011,110.1
7,1,2011,109.668
8,1,2011,115.0
9,1,2011,115.0
10,1,2011,110.051
11,1,2011,110.391
12,1,2011,110.42
13,1,2011,111.824
14,1,2011,112.335
15,1,2011,115.0
16,1,2011,115.0
17,1,2011,112.569
18,1,2011,112.697
19,1,2011,113.323
20,1,2011,113.684
21,1,2011,112.832
22,1,2011,115.0
23,1,2011,115.0
24,1,2011,113.485
25,1,2011,113.421
26,1,2011,112.193
27,1,2011,112.604
28,1,2011,112.646
29,1,2011,115.0
30,1,2011,115.0
31,1,2011,112.109
1,2,2011,113.059
2,2,2011,114.549
3,2,2011,114.84
4,2,2011,114.77
5,2,2011,115.0
6,2,2011,115.0
7,2,2011,114.507
8,2,2011,114.521
9,2,2011,114.222
10,2,2011,114.464
11,2,2011,114.173
12,2,2011,115.0
13,2,2011,115.0
14,2,2011,113.421
15,2,2011,113.722
16,2,2011,114.351
17,2,2011,114.132
18,2,2011,114.713
19,2,2011,115.0
20,2,2011,115.0
21,2,2011,115.276
22,2,2011,115.028
23,2,2011,114.411
24,2,2011,114.922
25,2,2011,114.418
26,2,2011,115.0
27,2,2011,115.0
28,2,2011,114.791
1,3,2011,115.255
2,3,2011,115.908
3,3,2011,116.341
4,3,2011,116.317
5,3,2011,115.0
6,3,2011,115.0
7,3,2011,116.289
8,3,2011,115.735
9,3,2011,115.585
10,3,2011,115.857
11,3,2011,114.833
12,3,2011,115.0
13,3,2011,115.0
14,3,2011,114.986
15,3,2011,115.608
16,3,2011,115.001
17,3,2011,114.954
18,3,2011,116.032
19,3,2011,115.0
20,3,2011,115.0
21,3,2011,116.636
22,3,2011,117.204
23,3,2011,117.715
24,3,2011,117.821
25,3,2011,116.834
26,3,2011,115.0
27,3,2011,115.0
28,3,2011,116.036
29,3,2011,116.16
30,3,2011,116.371
31,3,2011,116.887
1,4,2011,116.254
2,4,2011,115.0
3,4,2011,115.0
4,4,2011,116.776
5,4,2011,117.302
6,4,2011,118.524
7,4,2011,118.356
8,4,2011,118.817
9,4,2011,115.0
10,4,2011,115.0
11,4,2011,119.061
12,4,2011,118.977
13,4,2011,118.324
14,4,2011,118.416
15,4,2011,118.999
16,4,2011,115.0
17,4,2011,115.0
18,4,2011,118.603
19,4,2011,118.416
20,4,2011,118.82
21,4,2011,119.37
22,4,2011,120.226
23,4,2011,115.0
24,4,2011,115.0
25,4,2011,120.273
26,4,2011,120.082
27,4,2011,120.029
28,4,2011,121.253
29,4,2011,121.171
30,4,2011,115.0
1,5,2011,115.0
2,5,2011,121.725
3,5,2011,121.259
4,5,2011,120.179
5,5,2011,120.324
6,5,2011,119.826
7,5,2011,115.0
8,5,2011,115.0
9,5,2011,119.709
10,5,2011,119.804
11,5,2011,119.725
12,5,2011,119.54
13,5,2011,119.091
14,5,2011,115.0
15,5,2011,115.0
16,5,2011,118.263
17,5,2011,118.474
18,5,2011,118.854
19,5,2011,118.278
20,5,2011,118.634
21,5,2011,115.0
22,5,2011,115.0
23,5,2011,118.583
24,5,2011,118.152
25,5,2011,118.511
26,5,2011,119.207
27,5,2011,120.328
28,5,2011,115.0
29,5,2011,115.0
30,5,2011,120.963
31,5,2011,120.934
1,6,2011,120.975
2,6,2011,119.989
3,6,2011,120.379
4,6,2011,115.0
5,6,2011,115.0
6,6,2011,120.888
7,6,2011,120.618
8,6,2011,121.23
9,6,2011,120.898
10,6,2011,120.796
11,6,2011,115.0
12,6,2011,115.0
13,6,2011,119.839
14,6,2011,120.986
15,6,2011,121.004
16,6,2011,119.46
17,6,2011,119.43
18,6,2011,115.0
19,6,2011,115.0
20,6,2011,119.364
21,6,2011,119.659
22,6,2011,120.073
23,6,2011,118.815
24,6,2011,118.263
25,6,2011,115.0
26,6,2011,115.0
27,6,2011,117.872
28,6,2011,118.362
29,6,2011,118.436
30,6,2011,118.932
1,7,2011,119.046
2,7,2011,115.0
3,7,2011,115.0
4,7,2011,119.18
5,7,2011,119.38
6,7,2011,119.212
7,7,2011,118.775
8,7,2011,118.578
9,7,2011,115.0
10,7,2011,115.0
11,7,2011,119.046
12,7,2011,118.358
13,7,2011,118.603
14,7,2011,120.103
15,7,2011,120.275
16,7,2011,115.0
17,7,2011,115.0
18,7,2011,120.065
19,7,2011,119.473
20,7,2011,120.116
21,7,2011,120.501
22,7,2011,121.829
23,7,2011,115.0
24,7,2011,115.0
25,7,2011,121.896
26,7,2011,121.367
27,7,2011,122.575
28,7,2011,121.911
29,7,2011,122.195
30,7,2011,115.0
31,7,2011,115.0
1,8,2011,122.374
2,8,2011,121.776
3,8,2011,121.634
4,8,2011,122.737
5,8,2011,121.381
6,8,2011,115.0
7,8,2011,115.0
8,8,2011,123.041
9,8,2011,121.799
10,8,2011,121.889
11,8,2011,120.446
12,8,2011,121.362
13,8,2011,115.0
14,8,2011,115.0
15,8,2011,121.698
16,8,2011,122.46
17,8,2011,122.908
18,8,2011,123.268
19,8,2011,123.037
20,8,2011,115.0
21,8,2011,115.0
22,8,2011,122.821
23,8,2011,122.709
24,8,2011,122.341
25,8,2011,120.499
26,8,2011,119.555
27,8,2011,115.0
28,8,2011,115.0
29,8,2011,119.907
30,8,2011,121.121
31,8,2011,119.968
1,9,2011,119.534
2,9,2011,119.092
3,9,2011,115.0
4,9,2011,115.0
5,9,2011,119.378
6,9,2011,118.592
7,9,2011,118.123
8,9,2011,117.977
9,9,2011,117.77
10,9,2011,115.0
11,9,2011,115.0
12,9,2011,117.3
13,9,2011,117.897
14,9,2011,117.61
15,9,2011,117.828
16,9,2011,118.305
17,9,2011,115.0
18,9,2011,115.0
19,9,2011,118.11
20,9,2011,117.801
21,9,2011,117.9
22,9,2011,116.155
23,9,2011,115.073
24,9,2011,115.0
25,9,2011,115.0
26,9,2011,116.018
27,9,2011,116.856
28,9,2011,117.481
29,9,2011,117.025
30,9,2011,117.098
1,10,2011,115.0
2,10,2011,115.0
3,10,2011,117.21
4,10,2011,116.188
5,10,2011,116.681
6,10,2011,116.706
7,10,2011,116.457
8,10,2011,115.0
9,10,2011,115.0
10,10,2011,117.323
11,10,2011,118.186
12,10,2011,117.642
13,10,2011,118.828
14,10,2011,119.217
15,10,2011,115.0
16,10,2011,115.0
17,10,2011,119.671
18,10,2011,119.097
19,10,2011,119.13
20,10,2011,119.608
21,10,2011,119.83
22,10,2011,115.0
23,10,2011,115.0
24,10,2011,121.086
25,10,2011,121.139
26,10,2011,121.215
27,10,2011,120.874
28,10,2011,122.498
29,10,2011,115.0
30,10,2011,115.0
31,10,2011,122.139
1,11,2011,121.71
2,11,2011,121.516
3,11,2011,121.609
4,11,2011,122.227
5,11,2011,115.0
6,11,2011,115.0
7,11,2011,122.494
8,11,2011,122.387
9,11,2011,122.684
10,11,2011,121.438
11,11,2011,121.618
12,11,2011,115.0
13,11,2011,115.0
14,11,2011,122.786
15,11,2011,121.491
16,11,2011,120.952
17,11,2011,120.257
18,11,2011,120.589
19,11,2011,115.0
20,11,2011,115.0
21,11,2011,120.865
22,11,2011,119.74
23,11,2011,119.741
24,11,2011,118.922
25,11,2011,118.777
26,11,2011,115.0
27,11,2011,115.0
28,11,2011,118.639
29,11,2011,118.9
30,11,2011,119.73
1,12,2011,120.545
2,12,2011,120.618
3,12,2011,115.0
4,12,2011,115.0
5,12,2011,120.234
6,12,2011,120.413
7,12,2011,120.417
8,12,2011,120.952
9,12,2011,120.656
10,12,2011,115.0
11,12,2011,115.0
12,12,2011,120.52
13,12,2011,119.966
14,12,2011,119.181
15,12,2011,119.081
16,12,2011,119.427
17,12,2011,115.0
18,12,2011,115.0
19,12,2011,119.689
20,12,2011,125.187
21,12,2011,126.525
22,12,2011,125.995
23,12,2011,126.168
24,12,2011,115.0
25,12,2011,115.0
26,12,2011,125.072
27,12,2011,127.298
28,12,2011,126.903
29,12,2011,125.47
30,12,2011,126.023
31,12,2011,115.0
1,1,2012,115.0
2,1,2012,127.023
3,1,2012,126.841
4,1,2012,127.523
5,1,2012,127.27
6,1,2012,126.252
7,1,2012,115.0
8,1,2012,115.0
9,1,2012,125.649
10,1,2012,125.983
11,1,2012,127.727
12,1,2012,127.121
13,1,2012,126.53
14,1,2012,115.0
15,1,2012,115.0
16,1,2012,125.296
17,1,2012,128.092
18,1,2012,128.406
19,1,2012,129.251
20,1,2012,129.635
21,1,2012,115.0
22,1,2012,115.0
23,1,2012,130.85299999999998
24,1,2012,130.407
25,1,2012,131.755
26,1,2012,132.08100000000002
27,1,2012,132.398
28,1,2012,115.0
29,1,2012,115.0
30,1,2012,132.66
31,1,2012,132.612
1,2,2012,133.059
2,2,2012,133.06799999999998
3,2,2012,133.253
4,2,2012,115.0
5,2,2012,115.0
6,2,2012,133.312
7,2,2012,133.39600000000002
8,2,2012,133.773
9,2,2012,132.942
10,2,2012,132.434
11,2,2012,115.0
12,2,2012,115.0
13,2,2012,132.273
14,2,2012,132.04
15,2,2012,130.855
16,2,2012,130.322
17,2,2012,131.186
18,2,2012,115.0
19,2,2012,115.0
20,2,2012,129.937
21,2,2012,130.137
22,2,2012,129.546
23,2,2012,128.515
24,2,2012,128.558
25,2,2012,115.0
26,2,2012,115.0
27,2,2012,129.446
28,2,2012,129.226
1,3,2012,129.994
2,3,2012,129.849
3,3,2012,115.0
4,3,2012,115.0
5,3,2012,129.222
6,3,2012,129.418
7,3,2012,128.283
8,3,2012,128.407
9,3,2012,129.094
10,3,2012,115.0
11,3,2012,115.0
12,3,2012,128.05700000000002
13,3,2012,127.792
14,3,2012,128.388
15,3,2012,128.086
16,3,2012,128.446
17,3,2012,115.0
18,3,2012,115.0
19,3,2012,129.49200000000002
20,3,2012,129.884
21,3,2012,129.623
22,3,2012,129.656
23,3,2012,129.296
24,3,2012,115.0
25,3,2012,115.0
26,3,2012,129.778
27,3,2012,130.115
28,3,2012,130.359
29,3,2012,129.884
30,3,2012,130.408
31,3,2012,115.0
1,4,2012,115.0
2,4,2012,130.947
3,4,2012,130.972
4,4,2012,130.056
5,4,2012,129.654
6,4,2012,129.361
7,4,2012,115.0
8,4,2012,115.0
9,4,2012,129.908
10,4,2012,129.933
11,4,2012,129.688
12,4,2012,129.944
13,4,2012,130.352
14,4,2012,115.0
15,4,2012,115.0
16,4,2012,129.503
17,4,2012,129.942
18,4,2012,130.171
19,4,2012,130.875
20,4,2012,131.225
21,4,2012,115.0
22,4,2012,115.0
23,4,2012,131.782
24,4,2012,131.894
25,4,2012,132.025
26,4,2012,131.97899999999998
27,4,2012,131.964
28,4,2012,115.0
29,4,2012,115.0
30,4,2012,133.178
1,5,2012,132.55100000000002
2,5,2012,132.404
3,5,2012,132.589
4,5,2012,132.425
5,5,2012,115.0
6,5,2012,115.0
7,5,2012,132.21200000000002
8,5,2012,132.289
9,5,2012,132.123
10,5,2012,131.999
11,5,2012,131.766
12,5,2012,115.0
13,5,2012,115.0
14,5,2012,131.186
15,5,2012,131.424
16,5,2012,130.607
17,5,2012,129.89700000000002
18,5,2012,128.852
19,5,2012,115.0
20,5,2012,115.0
21,5,2012,129.105
22,5,2012,129.203
23,5,2012,128.833
24,5,2012,128.352
25,5,2012,128.275
26,5,2012,115.0
27,5,2012,115.0
28,5,2012,128.05700000000002
29,5,2012,128.114
30,5,2012,127.948
31,5,2012,126.663
1,6,2012,125.859
2,6,2012,115.0
3,6,2012,115.0
4,6,2012,125.795
5,6,2012,125.885
6,6,2012,125.836
7,6,2012,126.769
8,6,2012,127.16
9,6,2012,115.0
10,6,2012,115.0
11,6,2012,127.201
12,6,2012,126.423
13,6,2012,127.479
14,6,2012,126.98
15,6,2012,127.207
16,6,2012,115.0
17,6,2012,115.0
18,6,2012,128.49
19,6,2012,128.164
20,6,2012,128.66299999999998
21,6,2012,128.491
22,6,2012,127.567
23,6,2012,115.0
24,6,2012,115.0
25,6,2012,127.485
26,6,2012,127.363
27,6,2012,127.87
28,6,2012,127.305
29,6,2012,126.819
30,6,2012,115.0
1,7,2012,115.0
2,7,2012,128.32299999999998
3,7,2012,128.274
4,7,2012,128.233
5,7,2012,127.504
6,7,2012,126.923
7,7,2012,115.0
8,7,2012,115.0
9,7,2012,126.564
10,7,2012,126.66
11,7,2012,126.874
12,7,2012,126.768
13,7,2012,126.201
14,7,2012,115.0
15,7,2012,115.0
16,7,2012,127.389
17,7,2012,127.862
18,7,2012,127.671
19,7,2012,127.728
20,7,2012,128.267
21,7,2012,115.0
22,7,2012,115.0
23,7,2012,127.378
24,7,2012,126.713
25,7,2012,126.745
26,7,2012,126.655
27,7,2012,128.2
28,7,2012,115.0
29,7,2012,115.0
30,7,2012,128.628
31,7,2012,128.209
1,8,2012,127.97
2,8,2012,126.876
3,8,2012,126.672
4,8,2012,115.0
5,8,2012,115.0
6,8,2012,127.556
7,8,2012,127.374
8,8,2012,127.147
9,8,2012,127.44
10,8,2012,127.269
11,8,2012,115.0
12,8,2012,115.0
13,8,2012,127.57
14,8,2012,127.792
15,8,2012,127.743
16,8,2012,127.792
17,8,2012,128.224
18,8,2012,115.0
19,8,2012,115.0
20,8,2012,127.922
21,8,2012,128.028
22,8,2012,128.607
23,8,2012,129.406
24,8,2012,128.863
25,8,2012,115.0
26,8,2012,115.0
27,8,2012,128.489
28,8,2012,128.278
29,8,2012,128.513
30,8,2012,128.594
31,8,2012,128.939
1,9,2012,115.0
2,9,2012,115.0
3,9,2012,129.715
4,9,2012,129.058
5,9,2012,129.666
6,9,2012,129.903
7,9,2012,130.244
8,9,2012,115.0
9,9,2012,115.0
10,9,2012,130.914
11,9,2012,130.702
12,9,2012,131.428
13,9,2012,131.77200000000002
14,9,2012,132.091
15,9,2012,115.0
16,9,2012,115.0
17,9,2012,132.77
18,9,2012,132.852
19,9,2012,132.713
20,9,2012,132.485
21,9,2012,132.452
22,9,2012,115.0
23,9,2012,115.0
24,9,2012,132.616
25,9,2012,132.534
26,9,2012,132.305
27,9,2012,131.923
28,9,2012,132.486
29,9,2012,115.0
30,9,2012,115.0
1,10,2012,131.743
2,10,2012,131.645
3,10,2012,131.621
4,10,2012,131.188
5,10,2012,131.965
6,10,2012,115.0
7,10,2012,115.0
8,10,2012,131.517
9,10,2012,130.555
10,10,2012,130.056
11,10,2012,130.064
12,10,2012,130.27700000000002
13,10,2012,115.0
14,10,2012,115.0
15,10,2012,130.513
16,10,2012,130.569
17,10,2012,130.975
18,10,2012,131.049
19,10,2012,130.285
20,10,2012,115.0
21,10,2012,115.0
22,10,2012,130.08100000000002
23,10,2012,130.106
24,10,2012,129.52200000000002
25,10,2012,130.21200000000002
26,10,2012,130.903
27,10,2012,115.0
28,10,2012,115.0
29,10,2012,130.74
30,10,2012,130.164
31,10,2012,130.545
1,11,2012,130.976
2,11,2012,130.42700000000002
3,11,2012,115.0
4,11,2012,115.0
5,11,2012,130.249
6,11,2012,130.053
7,11,2012,129.52
8,11,2012,129.503
9,11,2012,129.446
10,11,2012,115.0
11,11,2012,115.0
12,11,2012,129.681
13,11,2012,129.628
14,11,2012,129.57
15,11,2012,129.405
16,11,2012,129.576
17,11,2012,115.0
18,11,2012,115.0
19,11,2012,129.63
20,11,2012,129.34
21,11,2012,129.136
22,11,2012,129.355
23,11,2012,129.282
24,11,2012,115.0
25,11,2012,115.0
26,11,2012,130.02
27,11,2012,129.97899999999998
28,11,2012,129.922
29,11,2012,130.754
30,11,2012,130.084
1,12,2012,115.0
2,12,2012,115.0
3,12,2012,130.09799999999998
4,12,2012,130.763
5,12,2012,130.836
6,12,2012,130.78799999999998
7,12,2012,130.013
8,12,2012,115.0
9,12,2012,115.0
10,12,2012,129.86700000000002
11,12,2012,130.039
12,12,2012,130.35399999999998
13,12,2012,130.629
14,12,2012,130.33
15,12,2012,115.0
16,12,2012,115.0
17,12,2012,130.783
18,12,2012,130.264
19,12,2012,130.975
20,12,2012,130.423
21,12,2012,130.558
22,12,2012,115.0
23,12,2012,115.0
24,12,2012,129.159
25,12,2012,128.976
26,12,2012,128.984
27,12,2012,128.749
28,12,2012,128.108
29,12,2012,115.0
30,12,2012,115.0
31,12,2012,128.43
1,1,2013,129.149
2,1,2013,129.57
3,1,2013,129.553
4,1,2013,128.453
5,1,2013,115.0
6,1,2013,115.0
7,1,2013,128.126
8,1,2013,128.388
9,1,2013,127.91
10,1,2013,127.679
11,1,2013,128.739
12,1,2013,115.0
13,1,2013,115.0
14,1,2013,128.54
15,1,2013,128.03799999999998
16,1,2013,127.99
17,1,2013,127.512
18,1,2013,127.16
19,1,2013,115.0
20,1,2013,115.0
21,1,2013,125.92
22,1,2013,125.793
23,1,2013,125.872
24,1,2013,125.722
25,1,2013,125.286
26,1,2013,115.0
27,1,2013,115.0
28,1,2013,125.001
29,1,2013,124.532
30,1,2013,125.04
31,1,2013,125.397
1,2,2013,124.993
2,2,2013,115.0
3,2,2013,115.0
4,2,2013,122.892
5,2,2013,123.889
6,2,2013,122.72
7,2,2013,122.273
8,2,2013,122.648
9,2,2013,115.0
10,2,2013,115.0
11,2,2013,123.351
12,2,2013,122.242
13,2,2013,123.746
14,2,2013,122.774
15,2,2013,122.371
16,2,2013,115.0
17,2,2013,115.0
18,2,2013,122.35
19,2,2013,122.049
20,2,2013,121.75
21,2,2013,120.226
22,2,2013,120.352
23,2,2013,115.0
24,2,2013,115.0
25,2,2013,118.956
26,2,2013,119.636
27,2,2013,119.336
28,2,2013,119.513
1,3,2013,119.577
2,3,2013,115.0
3,3,2013,115.0
4,3,2013,118.569
5,3,2013,119.159
6,3,2013,119.246
7,3,2013,118.421
8,3,2013,117.994
9,3,2013,115.0
10,3,2013,115.0
11,3,2013,117.471
12,3,2013,117.418
13,3,2013,117.316
14,3,2013,117.405
15,3,2013,118.529
16,3,2013,115.0
17,3,2013,115.0
18,3,2013,118.859
19,3,2013,118.725
20,3,2013,118.525
21,3,2013,118.272
22,3,2013,118.902
23,3,2013,115.0
24,3,2013,115.0
25,3,2013,119.244
26,3,2013,118.774
27,3,2013,118.657
28,3,2013,118.323
29,3,2013,118.535
30,3,2013,115.0
31,3,2013,115.0
1,4,2013,118.749
2,4,2013,118.961
3,4,2013,117.932
4,4,2013,118.151
5,4,2013,118.894
6,4,2013,115.0
7,4,2013,115.0
8,4,2013,119.689
9,4,2013,119.135
10,4,2013,119.58
11,4,2013,119.627
12,4,2013,120.034
13,4,2013,115.0
14,4,2013,115.0
15,4,2013,119.706
16,4,2013,119.239
17,4,2013,119.886
18,4,2013,118.888
19,4,2013,119.161
20,4,2013,115.0
21,4,2013,115.0
22,4,2013,118.733
23,4,2013,119.193
24,4,2013,118.651
25,4,2013,118.914
26,4,2013,120.161
27,4,2013,115.0
28,4,2013,115.0
29,4,2013,120.675
30,4,2013,120.729
1,5,2013,121.025
2,5,2013,121.119
3,5,2013,121.033
4,5,2013,115.0
5,5,2013,115.0
6,5,2013,121.337
7,5,2013,121.095
8,5,2013,120.582
9,5,2013,120.932
10,5,2013,120.232
11,5,2013,115.0
12,5,2013,115.0
13,5,2013,119.422
14,5,2013,119.041
15,5,2013,118.273
16,5,2013,118.475
17,5,2013,118.747
18,5,2013,115.0
19,5,2013,115.0
20,5,2013,118.038
21,5,2013,118.63
22,5,2013,117.822
23,5,2013,116.975
24,5,2013,117.396
25,5,2013,115.0
26,5,2013,115.0
27,5,2013,117.634
28,5,2013,117.44
29,5,2013,116.936
30,5,2013,117.62
31,5,2013,118.405
1,6,2013,115.0
2,6,2013,115.0
3,6,2013,118.102
4,6,2013,119.067
5,6,2013,119.005
6,6,2013,119.712
7,6,2013,121.282
8,6,2013,115.0
9,6,2013,115.0
10,6,2013,120.691
11,6,2013,121.018
12,6,2013,121.632
13,6,2013,121.912
14,6,2013,122.168
15,6,2013,115.0
16,6,2013,115.0
17,6,2013,122.114
18,6,2013,122.176
19,6,2013,121.585
20,6,2013,120.342
21,6,2013,120.52
22,6,2013,115.0
23,6,2013,115.0
24,6,2013,119.743
25,6,2013,119.829
26,6,2013,119.675
27,6,2013,118.783
28,6,2013,118.577
29,6,2013,115.0
30,6,2013,115.0
1,7,2013,118.172
2,7,2013,118.274
3,7,2013,117.815
4,7,2013,118.787
5,7,2013,117.192
6,7,2013,115.0
7,7,2013,115.0
8,7,2013,115.848
9,7,2013,116.191
10,7,2013,115.553
11,7,2013,116.673
12,7,2013,117.956
13,7,2013,115.0
14,7,2013,115.0
15,7,2013,117.441
16,7,2013,117.357
17,7,2013,117.785
18,7,2013,118.167
19,7,2013,118.276
20,7,2013,115.0
21,7,2013,115.0
22,7,2013,118.525
23,7,2013,119.37
24,7,2013,119.494
25,7,2013,118.998
26,7,2013,119.611
27,7,2013,115.0
28,7,2013,115.0
29,7,2013,119.479
30,7,2013,119.084
31,7,2013,118.414
1,8,2013,118.166
2,8,2013,117.422
3,8,2013,115.0
4,8,2013,115.0
5,8,2013,117.908
6,8,2013,119.355
7,8,2013,119.246
8,8,2013,120.365
9,8,2013,120.715
10,8,2013,115.0
11,8,2013,115.0
12,8,2013,120.412
13,8,2013,120.171
14,8,2013,120.023
15,8,2013,120.458
16,8,2013,121.546
17,8,2013,115.0
18,8,2013,115.0
19,8,2013,121.344
20,8,2013,121.538
21,8,2013,120.464
22,8,2013,120.128
23,8,2013,119.396
24,8,2013,115.0
25,8,2013,115.0
26,8,2013,121.08
27,8,2013,119.764
28,8,2013,120.038
29,8,2013,119.876
30,8,2013,119.714
31,8,2013,115.0
1,9,2013,115.0
2,9,2013,120.59
3,9,2013,120.808
4,9,2013,120.131
5,9,2013,120.649
6,9,2013,120.378
7,9,2013,115.0
8,9,2013,115.0
9,9,2013,120.147
10,9,2013,120.616
11,9,2013,121.49
12,9,2013,122.147
13,9,2013,122.038
14,9,2013,115.0
15,9,2013,115.0
16,9,2013,123.397
17,9,2013,122.733
18,9,2013,122.788
19,9,2013,124.664
20,9,2013,123.791
21,9,2013,115.0
22,9,2013,115.0
23,9,2013,124.539
24,9,2013,123.869
25,9,2013,123.575
26,9,2013,124.154
27,9,2013,124.663
28,9,2013,115.0
29,9,2013,115.0
30,9,2013,125.254
1,10,2013,124.973
2,10,2013,125.844
3,10,2013,126.07
4,10,2013,124.781
5,10,2013,115.0
6,10,2013,115.0
7,10,2013,124.484
8,10,2013,124.278
9,10,2013,124.185
10,10,2013,123.197
11,10,2013,123.274
12,10,2013,115.0
13,10,2013,115.0
14,10,2013,123.852
15,10,2013,124.212
16,10,2013,124.336
17,10,2013,123.94
18,10,2013,125.627
19,10,2013,115.0
20,10,2013,115.0
21,10,2013,125.634
22,10,2013,124.679
23,10,2013,125.359
24,10,2013,125.498
25,10,2013,125.671
26,10,2013,115.0
27,10,2013,115.0
28,10,2013,125.619
29,10,2013,124.399
30,10,2013,123.659
31,10,2013,123.613
1,11,2013,123.62
2,11,2013,115.0
3,11,2013,115.0
4,11,2013,123.722
5,11,2013,123.824
6,11,2013,124.381
7,11,2013,124.733
8,11,2013,124.873
9,11,2013,115.0
10,11,2013,115.0
11,11,2013,124.359
12,11,2013,123.987
13,11,2013,123.328
14,11,2013,124.555
15,11,2013,124.617
16,11,2013,115.0
17,11,2013,115.0
18,11,2013,124.978
19,11,2013,124.885
20,11,2013,124.915
21,11,2013,124.838
22,11,2013,125.599
23,11,2013,115.0
24,11,2013,115.0
25,11,2013,126.092
26,11,2013,125.267
27,11,2013,125.732
28,11,2013,126.298
29,11,2013,126.748
30,11,2013,115.0
1,12,2013,115.0
2,12,2013,127.141
3,12,2013,126.8
4,12,2013,127.063
5,12,2013,127.075
6,12,2013,126.629
7,12,2013,115.0
8,12,2013,115.0
9,12,2013,127.065
10,12,2013,127.44
11,12,2013,127.531
12,12,2013,126.964
13,12,2013,126.786
14,12,2013,115.0
15,12,2013,115.0
16,12,2013,126.619
17,12,2013,126.294
18,12,2013,126.055
19,12,2013,127.079
20,12,2013,126.892
21,12,2013,115.0
22,12,2013,115.0
23,12,2013,126.06
24,12,2013,126.785
25,12,2013,126.367
26,12,2013,126.166
27,12,2013,126.603
28,12,2013,115.0
29,12,2013,115.0
30,12,2013,127.118
31,12,2013,127.347
1,1,2014,127.738
2,1,2014,127.8
3,1,2014,126.919
4,1,2014,115.0
5,1,2014,115.0
6,1,2014,126.538
7,1,2014,127.213
8,1,2014,126.574
9,1,2014,127.785
10,1,2014,128.042
11,1,2014,115.0
12,1,2014,115.0
13,1,2014,127.218
14,1,2014,126.42
15,1,2014,127.428
16,1,2014,127.048
17,1,2014,126.163
18,1,2014,115.0
19,1,2014,115.0
20,1,2014,126.755
21,1,2014,126.815
22,1,2014,127.089
23,1,2014,127.918
24,1,2014,128.96200000000002
25,1,2014,115.0
26,1,2014,115.0
27,1,2014,127.233
28,1,2014,127.995
29,1,2014,128.45600000000002
30,1,2014,128.373
31,1,2014,127.8
1,2,2014,115.0
2,2,2014,115.0
3,2,2014,127.753
4,2,2014,126.429
5,2,2014,126.544
6,2,2014,126.387
7,2,2014,126.496
8,2,2014,115.0
9,2,2014,115.0
10,2,2014,127.416
11,2,2014,127.125
12,2,2014,126.945
13,2,2014,128.769
14,2,2014,128.542
15,2,2014,115.0
16,2,2014,115.0
17,2,2014,130.17700000000002
18,2,2014,129.526
19,2,2014,129.377
20,2,2014,129.379
21,2,2014,128.996
22,2,2014,115.0
23,2,2014,115.0
24,2,2014,128.731
25,2,2014,128.985
26,2,2014,129.13
27,2,2014,129.075
28,2,2014,129.084
1,3,2014,115.0
2,3,2014,115.0
3,3,2014,129.556
4,3,2014,128.87
5,3,2014,129.505
6,3,2014,129.839
7,3,2014,129.945
8,3,2014,115.0
9,3,2014,115.0
10,3,2014,129.85
11,3,2014,129.1
12,3,2014,128.842
13,3,2014,128.774
14,3,2014,128.778
15,3,2014,115.0
16,3,2014,115.0
17,3,2014,128.851
18,3,2014,128.747
19,3,2014,128.779
20,3,2014,128.391
21,3,2014,128.03799999999998
22,3,2014,115.0
23,3,2014,115.0
24,3,2014,127.782
25,3,2014,127.762
26,3,2014,128.035
27,3,2014,128.394
28,3,2014,128.554
29,3,2014,115.0
30,3,2014,115.0
31,3,2014,129.02200000000002
1,4,2014,129.174
2,4,2014,128.877
3,4,2014,128.877
4,4,2014,128.586
5,4,2014,115.0
6,4,2014,115.0
7,4,2014,128.38299999999998
8,4,2014,128.596
9,4,2014,129.80700000000002
10,4,2014,130.179
11,4,2014,130.076
12,4,2014,115.0
13,4,2014,115.0
14,4,2014,129.437
15,4,2014,129.558
16,4,2014,129.516
17,4,2014,129.986
18,4,2014,129.96200000000002
19,4,2014,115.0
20,4,2014,115.0
21,4,2014,129.916
22,4,2014,129.947
23,4,2014,130.161
24,4,2014,129.859
25,4,2014,129.971
26,4,2014,115.0
27,4,2014,115.0
28,4,2014,130.257
29,4,2014,129.91
30,4,2014,130.46
1,5,2014,130.809
2,5,2014,130.931
3,5,2014,115.0
4,5,2014,115.0
5,5,2014,130.804
6,5,2014,130.343
7,5,2014,131.59799999999998
8,5,2014,131.437
9,5,2014,131.231
10,5,2014,115.0
11,5,2014,115.0
12,5,2014,130.554
13,5,2014,130.627
14,5,2014,130.251
15,5,2014,129.97899999999998
16,5,2014,129.997
17,5,2014,115.0
18,5,2014,115.0
19,5,2014,130.102
20,5,2014,129.99
21,5,2014,130.352
22,5,2014,130.858
23,5,2014,130.6
24,5,2014,115.0
25,5,2014,115.0
26,5,2014,130.287
27,5,2014,130.308
28,5,2014,130.018
29,5,2014,129.202
30,5,2014,129.341
31,5,2014,115.0
1,6,2014,115.0
2,6,2014,129.648
3,6,2014,129.523
4,6,2014,129.546
5,6,2014,129.562
6,6,2014,130.145
7,6,2014,115.0
8,6,2014,115.0
9,6,2014,130.07
10,6,2014,130.066
11,6,2014,129.725
12,6,2014,130.13299999999998
13,6,2014,131.218
14,6,2014,115.0
15,6,2014,115.0
16,6,2014,131.54399999999998
17,6,2014,131.65200000000002
18,6,2014,131.52200000000002
19,6,2014,131.476
20,6,2014,131.797
21,6,2014,115.0
22,6,2014,115.0
23,6,2014,131.894
24,6,2014,131.619
25,6,2014,131.67700000000002
26,6,2014,131.686
27,6,2014,132.004
28,6,2014,115.0
29,6,2014,115.0
30,6,2014,131.975
1,7,2014,132.606
2,7,2014,132.931
3,7,2014,133.08
4,7,2014,133.004
5,7,2014,115.0
6,7,2014,115.0
7,7,2014,133.127
8,7,2014,132.804
9,7,2014,132.75799999999998
10,7,2014,133.045
11,7,2014,132.765
12,7,2014,115.0
13,7,2014,115.0
14,7,2014,132.649
15,7,2014,132.359
16,7,2014,132.808
17,7,2014,132.735
18,7,2014,132.38
19,7,2014,115.0
20,7,2014,115.0
21,7,2014,132.421
22,7,2014,132.28799999999998
23,7,2014,132.127
24,7,2014,131.91299999999998
25,7,2014,131.43
26,7,2014,115.0
27,7,2014,115.0
28,7,2014,131.322
29,7,2014,131.39
30,7,2014,131.02
31,7,2014,130.78799999999998
1,8,2014,130.555
2,8,2014,115.0
3,8,2014,115.0
4,8,2014,130.179
5,8,2014,130.512
6,8,2014,130.825
7,8,2014,130.537
8,8,2014,130.364
9,8,2014,115.0
10,8,2014,115.0
11,8,2014,130.02700000000002
12,8,2014,130.024
13,8,2014,130.235
14,8,2014,129.215
15,8,2014,129.142
16,8,2014,115.0
17,8,2014,115.0
18,8,2014,129.421
19,8,2014,129.475
20,8,2014,128.63299999999998
21,8,2014,128.445
22,8,2014,128.273
23,8,2014,115.0
24,8,2014,115.0
25,8,2014,128.261
26,8,2014,128.22299999999998
27,8,2014,128.003
28,8,2014,127.694
29,8,2014,127.754
30,8,2014,115.0
31,8,2014,115.0
1,9,2014,128.446
2,9,2014,128.455
3,9,2014,127.388
4,9,2014,127.31
5,9,2014,126.32
6,9,2014,115.0
7,9,2014,115.0
8,9,2014,125.307
9,9,2014,124.033
10,9,2014,124.041
11,9,2014,125.343
12,9,2014,125.684
13,9,2014,115.0
14,9,2014,115.0
15,9,2014,125.848
16,9,2014,125.011
17,9,2014,125.358
18,9,2014,125.855
19,9,2014,126.797
20,9,2014,115.0
21,9,2014,115.0
22,9,2014,125.899
23,9,2014,126.414
24,9,2014,126.597
25,9,2014,126.186
26,9,2014,126.163
27,9,2014,115.0
28,9,2014,115.0
29,9,2014,125.371
30,9,2014,125.284
1,10,2014,125.351
2,10,2014,125.135
3,10,2014,124.785
4,10,2014,115.0
5,10,2014,115.0
6,10,2014,123.348
7,10,2014,124.306
8,10,2014,124.407
9,10,2014,125.027
10,10,2014,124.64
11,10,2014,115.0
12,10,2014,115.0
13,10,2014,124.34
14,10,2014,124.361
15,10,2014,122.962
16,10,2014,123.762
17,10,2014,124.272
18,10,2014,115.0
19,10,2014,115.0
20,10,2014,124.318
21,10,2014,124.932
22,10,2014,124.523
23,10,2014,124.107
24,10,2014,123.945
25,10,2014,115.0
26,10,2014,115.0
27,10,2014,124.51
28,10,2014,124.608
29,10,2014,124.7
30,10,2014,123.773
31,10,2014,123.672
1,11,2014,115.0
2,11,2014,115.0
3,11,2014,123.487
4,11,2014,123.408
5,11,2014,123.528
6,11,2014,123.327
7,11,2014,122.208
8,11,2014,115.0
9,11,2014,115.0
10,11,2014,122.54
11,11,2014,122.285
12,11,2014,122.863
13,11,2014,121.814
14,11,2014,121.273
15,11,2014,115.0
16,11,2014,115.0
17,11,2014,120.957
18,11,2014,120.733
19,11,2014,120.656
20,11,2014,121.057
21,11,2014,121.135
22,11,2014,115.0
23,11,2014,115.0
24,11,2014,120.872
25,11,2014,121.227
26,11,2014,121.234
27,11,2014,121.875
28,11,2014,121.427
29,11,2014,115.0
30,11,2014,115.0
1,12,2014,120.771
2,12,2014,121.42
3,12,2014,120.71
4,12,2014,121.057
5,12,2014,120.988
6,12,2014,115.0
7,12,2014,115.0
8,12,2014,120.269
9,12,2014,120.833
10,12,2014,120.965
11,12,2014,121.312
12,12,2014,121.396
13,12,2014,115.0
14,12,2014,115.0
15,12,2014,121.351
16,12,2014,120.71
17,12,2014,121.567
18,12,2014,120.192
19,12,2014,120.957
20,12,2014,115.0
21,12,2014,115.0
22,12,2014,120.656
23,12,2014,120.571
24,12,2014,120.792
25,12,2014,121.057
26,12,2014,120.909
27,12,2014,115.0
28,12,2014,115.0
29,12,2014,121.718
30,12,2014,120.691
31,12,2014,120.987
1,1,2015,121.174
2,1,2015,121.228
3,1,2015,115.0
4,1,2015,115.0
5,1,2015,119.229
6,1,2015,118.545
7,1,2015,117.988
8,1,2015,117.472
9,1,2015,117.301
10,1,2015,115.0
11,1,2015,115.0
12,1,2015,118.276
13,1,2015,117.871
14,1,2015,117.861
15,1,2015,118.391
16,1,2015,118.01
17,1,2015,115.0
18,1,2015,115.0
19,1,2015,117.923
20,1,2015,117.45
21,1,2015,117.737
22,1,2015,117.721
23,1,2015,116.687
24,1,2015,115.0
25,1,2015,115.0
26,1,2015,116.508
27,1,2015,117.216
28,1,2015,118.027
29,1,2015,117.659
30,1,2015,116.528
31,1,2015,115.0
1,2,2015,115.0
2,2,2015,116.675
3,2,2015,116.845
4,2,2015,117.84
5,2,2015,117.925
6,2,2015,119.175
7,2,2015,115.0
8,2,2015,115.0
9,2,2015,118.522
10,2,2015,118.281
11,2,2015,118.53
12,2,2015,118.429
13,2,2015,119.595
14,2,2015,115.0
15,2,2015,115.0
16,2,2015,119.789
17,2,2015,119.462
18,2,2015,119.408
19,2,2015,120.061
20,2,2015,119.898
21,2,2015,115.0
22,2,2015,115.0
23,2,2015,119.758
24,2,2015,120.186
25,2,2015,120.224
26,2,2015,120.769
27,2,2015,119.805
28,2,2015,115.0
1,3,2015,115.0
2,3,2015,120.084
3,3,2015,119.478
4,3,2015,119.462
5,3,2015,118.716
6,3,2015,118.399
7,3,2015,115.0
8,3,2015,115.0
9,3,2015,116.996
10,3,2015,117.469
11,3,2015,117.206
12,3,2015,116.124
13,3,2015,115.782
14,3,2015,115.0
15,3,2015,115.0
16,3,2015,114.685
17,3,2015,115.346
18,3,2015,114.708
19,3,2015,116.513
20,3,2015,114.733
21,3,2015,115.0
22,3,2015,115.0
23,3,2015,116.443
24,3,2015,116.311
25,3,2015,115.533
26,3,2015,115.759
27,3,2015,115.517
28,3,2015,115.0
29,3,2015,115.0
30,3,2015,115.743
31,3,2015,115.191
1,4,2015,115.261
2,4,2015,115.307
3,4,2015,115.301
4,4,2015,115.0
5,4,2015,115.0
6,4,2015,115.992
7,4,2015,115.743
8,4,2015,115.167
9,4,2015,115.642
10,4,2015,114.436
11,4,2015,115.0
12,4,2015,115.0
13,4,2015,113.808
14,4,2015,114.103
15,4,2015,114.957
16,4,2015,115.41
17,4,2015,116.074
18,4,2015,115.0
19,4,2015,115.0
20,4,2015,116.261
21,4,2015,115.916
22,4,2015,116.056
23,4,2015,116.927
24,4,2015,117.082
25,4,2015,115.0
26,4,2015,115.0
27,4,2015,117.969
28,4,2015,118.513
29,4,2015,119.33
30,4,2015,120.061
1,5,2015,119.415
2,5,2015,115.0
3,5,2015,115.0
4,5,2015,117.767
5,5,2015,117.61
6,5,2015,118.077
7,5,2015,118.552
8,5,2015,118.522
9,5,2015,115.0
10,5,2015,115.0
11,5,2015,120.154
12,5,2015,121.166
13,5,2015,121.788
14,5,2015,122.363
15,5,2015,122.722
16,5,2015,115.0
17,5,2015,115.0
18,5,2015,122.27
19,5,2015,121.624
20,5,2015,120.536
21,5,2015,120.754
22,5,2015,121.757
23,5,2015,115.0
24,5,2015,115.0
25,5,2015,120.326
26,5,2015,120.24
27,5,2015,119.557
28,5,2015,119.377
29,5,2015,119.066
30,5,2015,115.0
31,5,2015,115.0
1,6,2015,118.888
2,6,2015,118.18
3,6,2015,119.284
4,6,2015,119.237
5,6,2015,119.424
6,6,2015,115.0
7,6,2015,115.0
8,6,2015,118.639
9,6,2015,119.177
10,6,2015,119.534
11,6,2015,120.715
12,6,2015,120.497
13,6,2015,115.0
14,6,2015,115.0
15,6,2015,120.808
16,6,2015,121.173
17,6,2015,121.601
18,6,2015,122.936
19,6,2015,123.427
20,6,2015,115.0
21,6,2015,115.0
22,6,2015,123.366
23,6,2015,123.0
24,6,2015,122.277
25,6,2015,122.052
26,6,2015,122.307
27,6,2015,115.0
28,6,2015,115.0
29,6,2015,121.958
30,6,2015,122.324
1,7,2015,122.098
2,7,2015,121.391
3,7,2015,121.313
4,7,2015,115.0
5,7,2015,115.0
6,7,2015,120.754
7,7,2015,121.274
8,7,2015,120.194
9,7,2015,119.409
10,7,2015,119.572
11,7,2015,115.0
12,7,2015,115.0
13,7,2015,120.349
14,7,2015,120.318
15,7,2015,121.461
16,7,2015,121.484
17,7,2015,121.282
18,7,2015,115.0
19,7,2015,115.0
20,7,2015,121.251
21,7,2015,120.855
22,7,2015,120.769
23,7,2015,121.352
24,7,2015,120.59
25,7,2015,115.0
26,7,2015,115.0
27,7,2015,120.575
28,7,2015,120.761
29,7,2015,121.173
30,7,2015,121.236
31,7,2015,121.251
1,8,2015,115.0
2,8,2015,115.0
3,8,2015,121.469
4,8,2015,121.212
5,8,2015,120.979
6,8,2015,121.337
7,8,2015,120.575
8,8,2015,115.0
9,8,2015,115.0
10,8,2015,120.419
11,8,2015,121.15
12,8,2015,121.026
13,8,2015,121.298
14,8,2015,121.313
15,8,2015,115.0
16,8,2015,115.0
17,8,2015,121.601
18,8,2015,121.119
19,8,2015,121.694
20,8,2015,121.889
21,8,2015,121.935
22,8,2015,115.0
23,8,2015,115.0
24,8,2015,122.013
25,8,2015,122.611
26,8,2015,121.959
27,8,2015,120.194
28,8,2015,119.696
29,8,2015,115.0
30,8,2015,115.0
31,8,2015,119.727
1,9,2015,119.284
2,9,2015,118.973
3,9,2015,118.896
4,9,2015,118.577
5,9,2015,115.0
6,9,2015,115.0
7,9,2015,118.009
8,9,2015,118.74
9,9,2015,119.712
10,9,2015,119.432
11,9,2015,120.077
12,9,2015,115.0
13,9,2015,115.0
14,9,2015,119.891
15,9,2015,119.891
16,9,2015,119.253
17,9,2015,120.388
18,9,2015,121.166
19,9,2015,115.0
20,9,2015,115.0
21,9,2015,120.691
22,9,2015,120.528
23,9,2015,119.409
24,9,2015,118.415
25,9,2015,118.491
26,9,2015,115.0
27,9,2015,115.0
28,9,2015,118.002
29,9,2015,117.955
30,9,2015,117.616
1,10,2015,117.612
2,10,2015,117.59
3,10,2015,115.0
4,10,2015,115.0
5,10,2015,118.001
6,10,2015,117.737
7,10,2015,118.29
8,10,2015,117.872
9,10,2015,119.131
10,10,2015,115.0
11,10,2015,115.0
12,10,2015,118.937
13,10,2015,119.139
14,10,2015,118.515
15,10,2015,120.256
16,10,2015,120.124
17,10,2015,115.0
18,10,2015,115.0
19,10,2015,119.992
20,10,2015,120.209
21,10,2015,120.0
22,10,2015,119.844
23,10,2015,119.657
24,10,2015,115.0
25,10,2015,115.0
26,10,2015,119.012
27,10,2015,119.393
28,10,2015,118.888
29,10,2015,118.662
30,10,2015,118.982
31,10,2015,115.0
1,11,2015,115.0
2,11,2015,120.038
3,11,2015,119.852
4,11,2015,120.476
5,11,2015,120.11
6,11,2015,118.88
7,11,2015,115.0
8,11,2015,115.0
9,11,2015,117.442
10,11,2015,117.904
11,11,2015,117.875
12,11,2015,118.569
13,11,2015,118.726
14,11,2015,115.0
15,11,2015,115.0
16,11,2015,118.789
17,11,2015,118.461
18,11,2015,117.687
19,11,2015,117.843
20,11,2015,118.23
21,11,2015,115.0
22,11,2015,115.0
23,11,2015,117.433
24,11,2015,116.893
25,11,2015,116.492
26,11,2015,116.864
27,11,2015,116.632
28,11,2015,115.0
29,11,2015,115.0
30,11,2015,117.281
1,12,2015,117.376
2,12,2015,117.571
3,12,2015,116.826
4,12,2015,118.267
5,12,2015,115.0
6,12,2015,115.0
7,12,2015,117.877
8,12,2015,117.466
9,12,2015,117.055
10,12,2015,118.357
11,12,2015,118.392
12,12,2015,115.0
13,12,2015,115.0
14,12,2015,118.784
15,12,2015,118.191
16,12,2015,117.205
17,12,2015,116.962
18,12,2015,116.369
19,12,2015,115.0
20,12,2015,115.0
21,12,2015,116.293
22,12,2015,116.123
23,12,2015,115.68
24,12,2015,116.722
25,12,2015,117.053
26,12,2015,115.0
27,12,2015,115.0
28,12,2015,117.006
29,12,2015,116.211
30,12,2015,115.674
31,12,2015,115.652
1,1,2016,115.043
2,1,2016,115.0
3,1,2016,115.0
4,1,2016,115.137
5,1,2016,115.29
6,1,2016,114.918
7,1,2016,114.654
8,1,2016,114.428
9,1,2016,115.0
10,1,2016,115.0
11,1,2016,113.909
12,1,2016,113.876
13,1,2016,113.045
14,1,2016,112.848
15,1,2016,113.033
16,1,2016,115.0
17,1,2016,115.0
18,1,2016,111.819
19,1,2016,111.649
20,1,2016,111.018
21,1,2016,111.292
22,1,2016,111.441
23,1,2016,115.0
24,1,2016,115.0
25,1,2016,111.79
26,1,2016,111.696
27,1,2016,112.417
28,1,2016,111.464
29,1,2016,112.511
30,1,2016,115.0
31,1,2016,115.0
1,2,2016,111.534
2,2,2016,113.003
3,2,2016,113.154
4,2,2016,114.639
5,2,2016,114.487
6,2,2016,115.0
7,2,2016,115.0
8,2,2016,113.782
9,2,2016,113.52
10,2,2016,113.799
11,2,2016,114.098
12,2,2016,113.738
13,2,2016,115.0
14,2,2016,115.0
15,2,2016,113.672
16,2,2016,113.17
17,2,2016,112.091
18,2,2016,112.065
19,2,2016,112.491
20,2,2016,115.0
21,2,2016,115.0
22,2,2016,112.927
23,2,2016,110.949
24,2,2016,109.869
25,2,2016,109.115
26,2,2016,109.377
27,2,2016,115.0
28,2,2016,115.0
1,3,2016,109.032
2,3,2016,109.225
3,3,2016,110.328
4,3,2016,111.105
5,3,2016,115.0
6,3,2016,115.0
7,3,2016,111.571
8,3,2016,111.744
9,3,2016,111.291
10,3,2016,111.348
11,3,2016,111.816
12,3,2016,115.0
13,3,2016,115.0
14,3,2016,112.64
15,3,2016,111.969
16,3,2016,110.743
17,3,2016,111.59
18,3,2016,113.313
19,3,2016,115.0
20,3,2016,115.0
21,3,2016,113.298
22,3,2016,112.385
23,3,2016,111.097
24,3,2016,110.364
25,3,2016,110.853
26,3,2016,115.0
27,3,2016,115.0
28,3,2016,110.657
29,3,2016,111.593
30,3,2016,112.537
31,3,2016,112.492
1,4,2016,112.316
2,4,2016,115.0
3,4,2016,115.0
4,4,2016,111.156
5,4,2016,111.464
6,4,2016,110.893
7,4,2016,110.536
8,4,2016,110.008
9,4,2016,115.0
10,4,2016,115.0
11,4,2016,110.646
12,4,2016,111.512
13,4,2016,111.7
14,4,2016,111.187
15,4,2016,110.798
16,4,2016,115.0
17,4,2016,115.0
18,4,2016,111.3
19,4,2016,111.738
20,4,2016,112.71
21,4,2016,112.212
22,4,2016,112.062
23,4,2016,115.0
24,4,2016,115.0
25,4,2016,112.774
26,4,2016,113.285
27,4,2016,114.205
28,4,2016,113.84
29,4,2016,114.402
30,4,2016,115.0
1,5,2016,115.0
2,5,2016,114.388
3,5,2016,114.83
4,5,2016,113.809
5,5,2016,113.445
6,5,2016,113.386
7,5,2016,115.0
8,5,2016,115.0
9,5,2016,112.928
10,5,2016,112.77
11,5,2016,113.354
12,5,2016,113.401
13,5,2016,113.569
14,5,2016,115.0
15,5,2016,115.0
16,5,2016,112.782
17,5,2016,113.153
18,5,2016,113.38
19,5,2016,114.586
20,5,2016,114.805
21,5,2016,115.0
22,5,2016,115.0
23,5,2016,113.631
24,5,2016,113.669
25,5,2016,114.833
26,5,2016,115.465
27,5,2016,115.29
28,5,2016,115.0
29,5,2016,115.0
30,5,2016,114.525
31,5,2016,114.791
1,6,2016,113.789
2,6,2016,113.006
3,6,2016,113.141
4,6,2016,115.0
5,6,2016,115.0
6,6,2016,114.043
7,6,2016,113.506
8,6,2016,114.241
9,6,2016,113.933
10,6,2016,113.516
11,6,2016,115.0
12,6,2016,115.0
13,6,2016,112.024
14,6,2016,111.799
15,6,2016,110.553
16,6,2016,111.082
17,6,2016,111.273
18,6,2016,115.0
19,6,2016,115.0
20,6,2016,112.7
21,6,2016,115.203
22,6,2016,114.788
23,6,2016,115.287
24,6,2016,116.625
25,6,2016,115.0
26,6,2016,115.0
27,6,2016,106.347
28,6,2016,103.682
29,6,2016,104.546
30,6,2016,105.208
1,7,2016,104.249
2,7,2016,115.0
3,7,2016,115.0
4,7,2016,103.729
5,7,2016,104.026
6,7,2016,101.866
7,7,2016,101.066
8,7,2016,100.894
9,7,2016,115.0
10,7,2016,115.0
11,7,2016,101.365
12,7,2016,101.73
13,7,2016,103.61
14,7,2016,102.999
15,7,2016,104.42
16,7,2016,115.0
17,7,2016,115.0
18,7,2016,103.098
19,7,2016,103.872
20,7,2016,102.775
21,7,2016,103.231
22,7,2016,103.625
23,7,2016,115.0
24,7,2016,115.0
25,7,2016,102.698
26,7,2016,102.847
27,7,2016,102.842
28,7,2016,103.603
29,7,2016,103.193
30,7,2016,115.0
31,7,2016,115.0
1,8,2016,103.61
2,8,2016,103.165
3,8,2016,104.476
4,8,2016,104.367
5,8,2016,102.596
6,8,2016,115.0
7,8,2016,115.0
8,8,2016,102.234
9,8,2016,101.918
10,8,2016,101.839
11,8,2016,101.829
12,8,2016,101.399
13,8,2016,115.0
14,8,2016,115.0
15,8,2016,101.22
16,8,2016,100.788
17,8,2016,102.135
18,8,2016,101.941
19,8,2016,103.089
20,8,2016,115.0
21,8,2016,115.0
22,8,2016,102.192
23,8,2016,102.824
24,8,2016,103.088
25,8,2016,103.466
26,8,2016,103.217
27,8,2016,115.0
28,8,2016,115.0
29,8,2016,102.771
30,8,2016,102.741
31,8,2016,102.325
1,9,2016,102.936
2,9,2016,103.894
3,9,2016,115.0
4,9,2016,115.0
5,9,2016,104.073
6,9,2016,104.12
7,9,2016,105.037
8,9,2016,104.492
9,9,2016,103.904
10,9,2016,115.0
11,9,2016,115.0
12,9,2016,103.835
13,9,2016,104.331
14,9,2016,103.217
15,9,2016,103.427
16,9,2016,103.696
17,9,2016,115.0
18,9,2016,115.0
19,9,2016,101.722
20,9,2016,102.077
21,9,2016,101.67
22,9,2016,101.928
23,9,2016,102.257
24,9,2016,115.0
25,9,2016,115.0
26,9,2016,101.59
27,9,2016,101.695
28,9,2016,102.15
29,9,2016,102.108
30,9,2016,101.519
1,10,2016,115.0
2,10,2016,115.0
3,10,2016,101.473
4,10,2016,100.673
5,10,2016,99.614
6,10,2016,99.875
7,10,2016,98.831
8,10,2016,115.0
9,10,2016,115.0
10,10,2016,97.339
11,10,2016,96.886
12,10,2016,94.924
13,10,2016,95.484
14,10,2016,95.899
15,10,2016,115.0
16,10,2016,115.0
17,10,2016,95.453
18,10,2016,95.459
19,10,2016,96.406
20,10,2016,96.123
21,10,2016,95.994
22,10,2016,115.0
23,10,2016,115.0
24,10,2016,95.658
25,10,2016,95.922
26,10,2016,95.534
27,10,2016,95.935
28,10,2016,95.363
29,10,2016,115.0
30,10,2016,115.0
31,10,2016,95.37
1,11,2016,95.714
2,11,2016,95.852
3,11,2016,96.432
4,11,2016,97.637
5,11,2016,115.0
6,11,2016,115.0
7,11,2016,98.024
8,11,2016,97.348
9,11,2016,97.448
10,11,2016,97.512
11,11,2016,98.597
12,11,2016,115.0
13,11,2016,115.0
14,11,2016,99.033
15,11,2016,98.115
16,11,2016,98.299
17,11,2016,98.093
18,11,2016,97.851
19,11,2016,115.0
20,11,2016,115.0
21,11,2016,97.27
22,11,2016,99.029
23,11,2016,98.225
24,11,2016,98.7
25,11,2016,98.752
26,11,2016,115.0
27,11,2016,115.0
28,11,2016,98.847
29,11,2016,98.394
30,11,2016,99.299
1,12,2016,99.092
2,12,2016,100.256
3,12,2016,115.0
4,12,2016,115.0
5,12,2016,101.329
6,12,2016,101.087
7,12,2016,100.939
8,12,2016,100.597
9,12,2016,99.972
10,12,2016,115.0
11,12,2016,115.0
12,12,2016,100.212
13,12,2016,100.689
14,12,2016,100.542
15,12,2016,99.851
16,12,2016,98.728
17,12,2016,115.0
18,12,2016,115.0
19,12,2016,98.975
20,12,2016,98.275
21,12,2016,97.353
22,12,2016,97.73
23,12,2016,97.117
24,12,2016,115.0
25,12,2016,115.0
26,12,2016,97.026
27,12,2016,97.126
28,12,2016,96.975
29,12,2016,96.649
30,12,2016,96.893
31,12,2016,115.0
1,1,2017,115.0
2,1,2017,97.576
3,1,2017,97.026
4,1,2017,97.237
5,1,2017,97.507
6,1,2017,98.316
7,1,2017,115.0
8,1,2017,115.0
9,1,2017,96.672
10,1,2017,96.281
11,1,2017,95.998
12,1,2017,96.77
13,1,2017,96.382
14,1,2017,115.0
15,1,2017,115.0
16,1,2017,95.669
17,1,2017,95.476
18,1,2017,98.348
19,1,2017,97.341
20,1,2017,97.668
21,1,2017,115.0
22,1,2017,115.0
23,1,2017,98.112
24,1,2017,99.637
25,1,2017,99.603
26,1,2017,100.317
27,1,2017,99.841
28,1,2017,115.0
29,1,2017,115.0
30,1,2017,99.831
31,1,2017,99.101
1,2,2017,100.172
2,2,2017,100.825
3,2,2017,99.789
4,2,2017,115.0
5,2,2017,115.0
6,2,2017,99.358
7,2,2017,99.346
8,2,2017,99.897
9,2,2017,99.996
10,2,2017,99.732
11,2,2017,115.0
12,2,2017,115.0
13,2,2017,99.574
14,2,2017,100.293
15,2,2017,99.716
16,2,2017,99.479
17,2,2017,100.197
18,2,2017,115.0
19,2,2017,115.0
20,2,2017,99.559
21,2,2017,99.92
22,2,2017,100.097
23,2,2017,99.531
24,2,2017,100.311
25,2,2017,115.0
26,2,2017,115.0
27,2,2017,99.612
28,2,2017,99.516
1,3,2017,98.677
2,3,2017,98.525
3,3,2017,98.155
4,3,2017,115.0
5,3,2017,115.0
6,3,2017,98.49
7,3,2017,97.831
8,3,2017,97.733
9,3,2017,97.713
10,3,2017,97.524
11,3,2017,115.0
12,3,2017,115.0
13,3,2017,97.571
14,3,2017,98.087
15,3,2017,97.64
16,3,2017,98.516
17,3,2017,98.434
18,3,2017,115.0
19,3,2017,115.0
20,3,2017,99.231
21,3,2017,99.18
22,3,2017,100.088
23,3,2017,99.723
24,3,2017,100.454
25,3,2017,115.0
26,3,2017,115.0
27,3,2017,100.337
28,3,2017,100.763
29,3,2017,99.981
30,3,2017,99.853
31,3,2017,100.039
1,4,2017,115.0
2,4,2017,115.0
3,4,2017,100.727
4,4,2017,100.424
5,4,2017,99.85
6,4,2017,100.371
7,4,2017,100.606
8,4,2017,115.0
9,4,2017,115.0
10,4,2017,99.885
11,4,2017,100.142
12,4,2017,100.726
13,4,2017,101.614
14,4,2017,101.338
15,4,2017,115.0
16,4,2017,115.0
17,4,2017,101.794
18,4,2017,101.752
19,4,2017,104.841
20,4,2017,104.654
21,4,2017,106.052
22,4,2017,115.0
23,4,2017,115.0
24,4,2017,106.392
25,4,2017,106.174
26,4,2017,107.349
27,4,2017,108.204
28,4,2017,106.579
29,4,2017,115.0
30,4,2017,115.0
1,5,2017,106.489
2,5,2017,105.978
3,5,2017,106.733
4,5,2017,106.297
5,5,2017,105.472
6,5,2017,115.0
7,5,2017,115.0
8,5,2017,104.665
9,5,2017,105.45
10,5,2017,105.395
11,5,2017,105.433
12,5,2017,104.892
13,5,2017,115.0
14,5,2017,115.0
15,5,2017,103.892
16,5,2017,105.043
17,5,2017,105.059
18,5,2017,104.875
19,5,2017,104.271
20,5,2017,115.0
21,5,2017,115.0
22,5,2017,104.992
23,5,2017,104.927
24,5,2017,104.674
25,5,2017,104.588
26,5,2017,104.567
27,5,2017,115.0
28,5,2017,115.0
29,5,2017,103.192
30,5,2017,103.67
31,5,2017,103.817
1,6,2017,104.137
2,6,2017,104.185
3,6,2017,115.0
4,6,2017,115.0
5,6,2017,103.665
6,6,2017,104.292
7,6,2017,104.358
8,6,2017,104.84
9,6,2017,104.834
10,6,2017,115.0
11,6,2017,115.0
12,6,2017,103.078
13,6,2017,102.073
14,6,2017,103.146
15,6,2017,103.014
16,6,2017,103.059
17,6,2017,115.0
18,6,2017,115.0
19,6,2017,103.168
20,6,2017,102.828
21,6,2017,102.011
22,6,2017,102.445
23,6,2017,102.431
24,6,2017,115.0
25,6,2017,115.0
26,6,2017,102.959
27,6,2017,102.803
28,6,2017,103.518
29,6,2017,104.558
30,6,2017,105.064
1,7,2017,115.0
2,7,2017,115.0
3,7,2017,104.985
4,7,2017,104.588
5,7,2017,104.23
6,7,2017,104.607
7,7,2017,105.404
8,7,2017,115.0
9,7,2017,115.0
10,7,2017,104.52
11,7,2017,104.924
12,7,2017,104.615
13,7,2017,104.891
14,7,2017,105.353
15,7,2017,115.0
16,7,2017,115.0
17,7,2017,106.507
18,7,2017,105.624
19,7,2017,105.332
20,7,2017,105.15
21,7,2017,104.65
22,7,2017,115.0
23,7,2017,115.0
24,7,2017,104.888
25,7,2017,105.293
26,7,2017,105.968
27,7,2017,106.203
28,7,2017,105.391
29,7,2017,115.0
30,7,2017,115.0
31,7,2017,106.058
1,8,2017,107.483
2,8,2017,107.254
3,8,2017,106.931
4,8,2017,106.18
5,8,2017,115.0
6,8,2017,115.0
7,8,2017,105.468
8,8,2017,105.263
9,8,2017,105.251
10,8,2017,105.189
11,8,2017,104.944
12,8,2017,115.0
13,8,2017,115.0
14,8,2017,105.205
15,8,2017,104.801
16,8,2017,104.074
17,8,2017,104.295
18,8,2017,104.439
19,8,2017,115.0
20,8,2017,115.0
21,8,2017,104.465
22,8,2017,104.939
23,8,2017,104.233
24,8,2017,103.513
25,8,2017,104.201
26,8,2017,115.0
27,8,2017,115.0
28,8,2017,104.264
29,8,2017,104.903
30,8,2017,104.998
31,8,2017,105.281
1,9,2017,104.744
2,9,2017,115.0
3,9,2017,115.0
4,9,2017,104.698
5,9,2017,105.104
6,9,2017,106.172
7,9,2017,106.002
8,9,2017,106.829
9,9,2017,115.0
10,9,2017,115.0
11,9,2017,107.68
12,9,2017,108.016
13,9,2017,108.683
14,9,2017,108.392
15,9,2017,108.252
16,9,2017,115.0
17,9,2017,115.0
18,9,2017,109.632
19,9,2017,109.061
20,9,2017,110.951
21,9,2017,109.085
22,9,2017,111.337
23,9,2017,115.0
24,9,2017,115.0
25,9,2017,109.205
26,9,2017,110.34
27,9,2017,109.662
28,9,2017,110.044
29,9,2017,110.269
30,9,2017,115.0
1,10,2017,115.0
2,10,2017,110.108
3,10,2017,108.774
4,10,2017,107.966
5,10,2017,108.685
6,10,2017,106.117
7,10,2017,115.0
8,10,2017,115.0
9,10,2017,107.329
10,10,2017,107.81
11,10,2017,108.367
12,10,2017,107.849
13,10,2017,107.287
14,10,2017,115.0
15,10,2017,115.0
16,10,2017,107.689
17,10,2017,107.249
18,10,2017,106.662
19,10,2017,108.895
20,10,2017,108.596
21,10,2017,115.0
22,10,2017,115.0
23,10,2017,109.251
24,10,2017,109.379
25,10,2017,109.158
26,10,2017,109.858
27,10,2017,109.098
28,10,2017,115.0
29,10,2017,115.0
30,10,2017,109.048
31,10,2017,109.816
1,11,2017,110.168
2,11,2017,109.934
3,11,2017,108.618
4,11,2017,115.0
5,11,2017,115.0
6,11,2017,106.273
7,11,2017,109.746
8,11,2017,108.76
9,11,2017,109.338
10,11,2017,108.839
11,11,2017,115.0
12,11,2017,115.0
13,11,2017,106.999
14,11,2017,109.31
15,11,2017,109.597
16,11,2017,109.815
17,11,2017,110.044
18,11,2017,115.0
19,11,2017,115.0
20,11,2017,107.559
21,11,2017,109.749
22,11,2017,111.015
23,11,2017,111.701
24,11,2017,108.707
25,11,2017,115.0
26,11,2017,115.0
27,11,2017,109.21
28,11,2017,112.631
29,11,2017,113.346
30,11,2017,109.869
1,12,2017,111.375
2,12,2017,115.0
3,12,2017,115.0
4,12,2017,111.091
5,12,2017,110.993
6,12,2017,110.722
7,12,2017,110.412
8,12,2017,111.066
9,12,2017,115.0
10,12,2017,115.0
11,12,2017,111.254
12,12,2017,110.013
13,12,2017,109.993
14,12,2017,110.803
15,12,2017,110.949
16,12,2017,115.0
17,12,2017,115.0
18,12,2017,110.243
19,12,2017,111.021
20,12,2017,110.598
21,12,2017,110.802
22,12,2017,110.525
23,12,2017,115.0
24,12,2017,115.0
25,12,2017,110.617
26,12,2017,110.692
27,12,2017,110.752
28,12,2017,110.925
29,12,2017,111.328
30,12,2017,115.0
31,12,2017,115.0
1,1,2018,111.867
2,1,2018,111.805
3,1,2018,112.505
4,1,2018,111.898
5,1,2018,112.201
6,1,2018,115.0
7,1,2018,115.0
8,1,2018,112.383
9,1,2018,112.394
10,1,2018,112.194
11,1,2018,111.918
12,1,2018,112.181
13,1,2018,115.0
14,1,2018,115.0
15,1,2018,113.796
16,1,2018,114.344
17,1,2018,114.501
18,1,2018,114.348
19,1,2018,115.18
20,1,2018,115.0
21,1,2018,115.0
22,1,2018,115.124
23,1,2018,116.072
24,1,2018,116.286
25,1,2018,118.231
26,1,2018,117.423
27,1,2018,115.0
28,1,2018,115.0
29,1,2018,117.549
30,1,2018,116.818
31,1,2018,117.422
1,2,2018,117.779
2,2,2018,118.386
3,2,2018,115.0
4,2,2018,115.0
5,2,2018,117.302
6,2,2018,115.801
7,2,2018,115.941
8,2,2018,115.108
9,2,2018,115.488
10,2,2018,115.0
11,2,2018,115.0
12,2,2018,114.772
13,2,2018,114.889
14,2,2018,115.481
15,2,2018,116.222
16,2,2018,117.187
17,2,2018,115.0
18,2,2018,115.0
19,2,2018,117.148
20,2,2018,116.245
21,2,2018,116.251
22,2,2018,115.658
23,2,2018,115.79
24,2,2018,115.0
25,2,2018,115.0
26,2,2018,116.019
27,2,2018,115.933
28,2,2018,115.477
1,3,2018,114.287
2,3,2018,114.371
3,3,2018,115.0
4,3,2018,115.0
5,3,2018,114.487
6,3,2018,114.994
7,3,2018,115.311
8,3,2018,115.412
9,3,2018,114.666
10,3,2018,115.0
11,3,2018,115.0
12,3,2018,115.081
13,3,2018,115.474
14,3,2018,115.883
15,3,2018,115.915
16,3,2018,115.585
17,3,2018,115.0
18,3,2018,115.0
19,3,2018,115.733
20,3,2018,116.434
21,3,2018,116.213
22,3,2018,117.377
23,3,2018,117.028
24,3,2018,115.0
25,3,2018,115.0
26,3,2018,118.825
27,3,2018,118.181
28,3,2018,117.554
29,3,2018,118.257
30,3,2018,116.386
31,3,2018,115.0
1,4,2018,115.0
2,4,2018,116.519
3,4,2018,116.641
4,4,2018,116.749
5,4,2018,117.033
6,4,2018,116.055
7,4,2018,115.0
8,4,2018,115.0
9,4,2018,117.148
10,4,2018,117.537
11,4,2018,117.409
12,4,2018,117.765
13,4,2018,118.097
14,4,2018,115.0
15,4,2018,115.0
16,4,2018,118.316
17,4,2018,119.025
18,4,2018,118.596
19,4,2018,117.893
20,4,2018,116.995
21,4,2018,115.0
22,4,2018,115.0
23,4,2018,118.395
24,4,2018,117.865
25,4,2018,118.121
26,4,2018,117.877
27,4,2018,117.741
28,4,2018,115.0
29,4,2018,115.0
30,4,2018,116.642
1,5,2018,116.421
2,5,2018,115.177
3,5,2018,114.701
4,5,2018,115.025
5,5,2018,115.0
6,5,2018,115.0
7,5,2018,112.41
8,5,2018,112.769
9,5,2018,114.773
10,5,2018,114.76
11,5,2018,114.537
12,5,2018,115.0
13,5,2018,115.0
14,5,2018,114.645
15,5,2018,112.858
16,5,2018,113.666
17,5,2018,114.388
18,5,2018,114.627
19,5,2018,115.0
20,5,2018,115.0
21,5,2018,113.02
22,5,2018,113.79
23,5,2018,112.599
24,5,2018,112.285
25,5,2018,113.058
26,5,2018,115.0
27,5,2018,115.0
28,5,2018,112.848
29,5,2018,112.48
30,5,2018,111.47
31,5,2018,111.846
1,6,2018,112.379
2,6,2018,115.0
3,6,2018,115.0
4,6,2018,112.075
5,6,2018,112.703
6,6,2018,113.104
7,6,2018,112.701
8,6,2018,113.614
9,6,2018,115.0
10,6,2018,115.0
11,6,2018,112.647
12,6,2018,113.445
13,6,2018,113.035
14,6,2018,112.943
15,6,2018,112.335
16,6,2018,115.0
17,6,2018,115.0
18,6,2018,112.063
19,6,2018,111.909
20,6,2018,111.321
21,6,2018,111.316
22,6,2018,111.977
23,6,2018,115.0
24,6,2018,115.0
25,6,2018,111.718
26,6,2018,112.243
27,6,2018,111.775
28,6,2018,110.328
29,6,2018,109.519
30,6,2018,115.0
1,7,2018,115.0
2,7,2018,110.379
3,7,2018,110.132
4,7,2018,110.611
5,7,2018,111.406
6,7,2018,110.576
7,7,2018,115.0
8,7,2018,115.0
9,7,2018,112.004
10,7,2018,110.82
11,7,2018,111.266
12,7,2018,110.652
13,7,2018,110.677
14,7,2018,115.0
15,7,2018,115.0
16,7,2018,111.353
17,7,2018,111.83
18,7,2018,110.811
19,7,2018,110.43
20,7,2018,109.975
21,7,2018,115.0
22,7,2018,115.0
23,7,2018,111.027
24,7,2018,110.707
25,7,2018,111.07
26,7,2018,111.46
27,7,2018,110.775
28,7,2018,115.0
29,7,2018,115.0
30,7,2018,110.642
31,7,2018,110.995
1,8,2018,110.923
2,8,2018,110.906
3,8,2018,110.014
4,8,2018,115.0
5,8,2018,115.0
6,8,2018,109.945
7,8,2018,109.372
8,8,2018,109.327
9,8,2018,108.842
10,8,2018,108.361
11,8,2018,115.0
12,8,2018,115.0
13,8,2018,107.889
14,8,2018,107.913
15,8,2018,107.542
16,8,2018,107.141
17,8,2018,106.52
18,8,2018,115.0
19,8,2018,115.0
20,8,2018,107.109
21,8,2018,107.259
22,8,2018,108.15
23,8,2018,108.629
24,8,2018,107.6
25,8,2018,115.0
26,8,2018,115.0
27,8,2018,107.683
28,8,2018,108.215
29,8,2018,107.819
30,8,2018,109.09
31,8,2018,109.034
1,9,2018,115.0
2,9,2018,115.0
3,9,2018,108.69
4,9,2018,107.936
5,9,2018,107.522
6,9,2018,108.231
7,9,2018,108.29
8,9,2018,115.0
9,9,2018,115.0
10,9,2018,108.562
11,9,2018,109.039
12,9,2018,109.106
13,9,2018,109.237
14,9,2018,109.86
15,9,2018,115.0
16,9,2018,115.0
17,9,2018,109.666
18,9,2018,110.287
19,9,2018,110.319
20,9,2018,110.181
21,9,2018,111.186
22,9,2018,115.0
23,9,2018,115.0
24,9,2018,109.6
25,9,2018,109.822
26,9,2018,110.455
27,9,2018,110.601
28,9,2018,109.826
29,9,2018,115.0
30,9,2018,115.0
1,10,2018,109.285
2,10,2018,109.314
3,10,2018,108.847
4,10,2018,108.779
5,10,2018,108.951
6,10,2018,115.0
7,10,2018,115.0
8,10,2018,109.996
9,10,2018,109.71
10,10,2018,110.162
11,10,2018,110.441
12,10,2018,110.831
13,10,2018,115.0
14,10,2018,115.0
15,10,2018,110.281
16,10,2018,110.225
17,10,2018,110.466
18,10,2018,110.231
19,10,2018,110.814
20,10,2018,115.0
21,10,2018,115.0
22,10,2018,110.058
23,10,2018,110.032
24,10,2018,110.612
25,10,2018,109.794
26,10,2018,109.302
27,10,2018,115.0
28,10,2018,115.0
29,10,2018,109.554
30,10,2018,108.769
31,10,2018,108.172
1,11,2018,107.115
2,11,2018,109.068
3,11,2018,115.0
4,11,2018,115.0
5,11,2018,109.382
6,11,2018,109.555
7,11,2018,109.567
8,11,2018,109.84
9,11,2018,109.802
10,11,2018,115.0
11,11,2018,115.0
12,11,2018,108.684
13,11,2018,108.085
14,11,2018,108.323
15,11,2018,108.886
16,11,2018,107.037
17,11,2018,115.0
18,11,2018,115.0
19,11,2018,107.79
20,11,2018,108.003
21,11,2018,106.931
22,11,2018,106.144
23,11,2018,108.034
24,11,2018,115.0
25,11,2018,115.0
26,11,2018,107.995
27,11,2018,107.758
28,11,2018,106.523
29,11,2018,107.588
30,11,2018,107.609
1,12,2018,115.0
2,12,2018,115.0
3,12,2018,107.132
4,12,2018,107.374
5,12,2018,106.332
6,12,2018,106.333
7,12,2018,107.298
8,12,2018,115.0
9,12,2018,115.0
10,12,2018,107.117
11,12,2018,105.171
12,12,2018,104.542
13,12,2018,105.757
14,12,2018,106.326
15,12,2018,115.0
16,12,2018,115.0
17,12,2018,105.073
18,12,2018,106.027
19,12,2018,105.867
20,12,2018,105.888
21,12,2018,105.888
22,12,2018,115.0
23,12,2018,115.0
24,12,2018,106.488
25,12,2018,106.531
26,12,2018,106.115
27,12,2018,105.812
28,12,2018,106.127
29,12,2018,115.0
30,12,2018,115.0
31,12,2018,106.043
1,1,2019,106.106
2,1,2019,107.193
3,1,2019,105.444
4,1,2019,106.114
5,1,2019,115.0
6,1,2019,115.0
7,1,2019,107.144
8,1,2019,107.246
9,1,2019,106.714
10,1,2019,106.77
11,1,2019,106.924
12,1,2019,115.0
13,1,2019,115.0
14,1,2019,108.202
15,1,2019,107.861
16,1,2019,107.822
17,1,2019,108.101
18,1,2019,108.623
19,1,2019,115.0
20,1,2019,115.0
21,1,2019,108.159
22,1,2019,108.425
23,1,2019,108.975
24,1,2019,109.301
25,1,2019,109.62
26,1,2019,115.0
27,1,2019,115.0
28,1,2019,110.891
29,1,2019,110.546
30,1,2019,109.547
31,1,2019,110.198
1,2,2019,109.773
2,2,2019,115.0
3,2,2019,115.0
4,2,2019,110.094
5,2,2019,109.245
6,2,2019,108.79
7,2,2019,108.34
8,2,2019,108.874
9,2,2019,115.0
10,2,2019,115.0
11,2,2019,109.191
12,2,2019,107.528
13,2,2019,108.242
14,2,2019,107.877
15,2,2019,107.445
16,2,2019,115.0
17,2,2019,115.0
18,2,2019,108.456
19,2,2019,108.687
20,2,2019,109.861
21,2,2019,110.37
22,2,2019,109.581
23,2,2019,115.0
24,2,2019,115.0
25,2,2019,110.622
26,2,2019,109.794
27,2,2019,111.44
28,2,2019,111.629
1,3,2019,111.225
2,3,2019,115.0
3,3,2019,115.0
4,3,2019,111.695
5,3,2019,110.88
6,3,2019,110.373
7,3,2019,110.945
8,3,2019,109.778
9,3,2019,115.0
10,3,2019,115.0
11,3,2019,110.24
12,3,2019,110.107
13,3,2019,109.832
14,3,2019,112.144
15,3,2019,111.278
16,3,2019,115.0
17,3,2019,115.0
18,3,2019,111.54
19,3,2019,111.51
20,3,2019,111.633
21,3,2019,110.827
22,3,2019,110.013
23,3,2019,115.0
24,3,2019,115.0
25,3,2019,111.921
26,3,2019,110.751
27,3,2019,110.821
28,3,2019,110.546
29,3,2019,109.909
30,3,2019,115.0
31,3,2019,115.0
1,4,2019,110.329
2,4,2019,109.891
3,4,2019,110.308
4,4,2019,110.883
5,4,2019,109.948
6,4,2019,115.0
7,4,2019,115.0
8,4,2019,110.192
9,4,2019,110.364
10,4,2019,109.618
11,4,2019,110.305
12,4,2019,109.841
13,4,2019,115.0
14,4,2019,115.0
15,4,2019,109.668
16,4,2019,110.456
17,4,2019,109.544
18,4,2019,110.364
19,4,2019,109.707
20,4,2019,115.0
21,4,2019,115.0
22,4,2019,110.053
23,4,2019,109.46
24,4,2019,109.068
25,4,2019,108.534
26,4,2019,108.401
27,4,2019,115.0
28,4,2019,115.0
29,4,2019,109.084
30,4,2019,109.859
1,5,2019,109.811
2,5,2019,109.504
3,5,2019,109.984
4,5,2019,115.0
5,5,2019,115.0
6,5,2019,110.742
7,5,2019,110.841
8,5,2019,110.21
9,5,2019,109.942
10,5,2019,110.104
11,5,2019,115.0
12,5,2019,115.0
13,5,2019,110.216
14,5,2019,109.288
15,5,2019,108.945
16,5,2019,108.007
17,5,2019,107.877
18,5,2019,115.0
19,5,2019,115.0
20,5,2019,108.076
21,5,2019,107.199
22,5,2019,107.235
23,5,2019,106.692
24,5,2019,106.701
25,5,2019,115.0
26,5,2019,115.0
27,5,2019,107.545
28,5,2019,107.74
29,5,2019,106.418
30,5,2019,106.887
31,5,2019,106.43
1,6,2019,115.0
2,6,2019,115.0
3,6,2019,106.445
4,6,2019,107.287
5,6,2019,107.282
6,6,2019,107.35
7,6,2019,107.388
8,6,2019,115.0
9,6,2019,115.0
10,6,2019,107.575
11,6,2019,107.096
12,6,2019,107.236
13,6,2019,107.351
14,6,2019,107.174
15,6,2019,115.0
16,6,2019,115.0
17,6,2019,106.575
18,6,2019,105.933
19,6,2019,106.135
20,6,2019,106.843
21,6,2019,107.368
22,6,2019,115.0
23,6,2019,115.0
24,6,2019,107.654
25,6,2019,107.631
26,6,2019,107.353
27,6,2019,107.135
28,6,2019,107.124
29,6,2019,115.0
30,6,2019,115.0
1,7,2019,107.386
2,7,2019,106.844
3,7,2019,106.312
4,7,2019,106.252
5,7,2019,106.299
6,7,2019,115.0
7,7,2019,115.0
8,7,2019,105.894
9,7,2019,105.718
10,7,2019,105.351
11,7,2019,105.527
12,7,2019,105.772
13,7,2019,115.0
14,7,2019,115.0
15,7,2019,106.335
16,7,2019,105.793
17,7,2019,104.787
18,7,2019,105.225
19,7,2019,106.089
20,7,2019,115.0
21,7,2019,115.0
22,7,2019,105.93
23,7,2019,105.362
24,7,2019,105.052
25,7,2019,105.443
26,7,2019,105.314
27,7,2019,115.0
28,7,2019,115.0
29,7,2019,104.945
30,7,2019,103.169
31,7,2019,102.628
1,8,2019,102.774
2,8,2019,102.733
3,8,2019,115.0
4,8,2019,115.0
5,8,2019,102.815
6,8,2019,102.523
7,8,2019,102.89
8,8,2019,102.493
9,8,2019,102.493
10,8,2019,115.0
11,8,2019,115.0
12,8,2019,101.93
13,8,2019,102.216
14,8,2019,101.883
15,8,2019,102.005
16,8,2019,102.38
17,8,2019,115.0
18,8,2019,115.0
19,8,2019,102.938
20,8,2019,102.365
21,8,2019,102.718
22,8,2019,102.375
23,8,2019,103.407
24,8,2019,115.0
25,8,2019,115.0
26,8,2019,103.565
27,8,2019,103.228
28,8,2019,103.844
29,8,2019,103.177
30,8,2019,102.923
31,8,2019,115.0
1,9,2019,115.0
2,9,2019,102.661
3,9,2019,102.171
4,9,2019,101.767
5,9,2019,103.834
6,9,2019,104.2
7,9,2019,115.0
8,9,2019,115.0
9,9,2019,104.522
10,9,2019,104.635
11,9,2019,104.34
12,9,2019,104.171
13,9,2019,104.439
14,9,2019,115.0
15,9,2019,115.0
16,9,2019,105.978
17,9,2019,105.219
18,9,2019,105.683
19,9,2019,105.335
20,9,2019,105.927
21,9,2019,115.0
22,9,2019,115.0
23,9,2019,105.65
24,9,2019,105.001
25,9,2019,105.475
26,9,2019,104.46
27,9,2019,104.174
28,9,2019,115.0
29,9,2019,115.0
30,9,2019,103.844
1,10,2019,103.832
2,10,2019,104.251
3,10,2019,104.044
4,10,2019,104.412
5,10,2019,115.0
6,10,2019,115.0
7,10,2019,104.717
8,10,2019,104.044
9,10,2019,103.358
10,10,2019,103.139
11,10,2019,105.566
12,10,2019,115.0
13,10,2019,115.0
14,10,2019,106.927
15,10,2019,107.156
16,10,2019,108.255
17,10,2019,108.753
18,10,2019,109.422
19,10,2019,115.0
20,10,2019,115.0
21,10,2019,109.781
22,10,2019,109.783
23,10,2019,109.105
24,10,2019,109.364
25,10,2019,109.007
26,10,2019,115.0
27,10,2019,115.0
28,10,2019,109.052
29,10,2019,109.126
30,10,2019,109.027
31,10,2019,109.388
1,11,2019,109.791
2,11,2019,115.0
3,11,2019,115.0
4,11,2019,110.087
5,11,2019,109.014
6,11,2019,109.195
7,11,2019,108.91
8,11,2019,108.588
9,11,2019,115.0
10,11,2019,115.0
11,11,2019,108.279
12,11,2019,109.177
13,11,2019,109.028
14,11,2019,109.004
15,11,2019,109.415
16,11,2019,115.0
17,11,2019,115.0
18,11,2019,109.772
19,11,2019,110.087
20,11,2019,109.699
21,11,2019,109.617
22,11,2019,109.654
23,11,2019,115.0
24,11,2019,115.0
25,11,2019,109.257
26,11,2019,109.435
27,11,2019,109.144
28,11,2019,109.314
29,11,2019,109.591
30,11,2019,115.0
1,12,2019,115.0
2,12,2019,109.909
3,12,2019,109.78
4,12,2019,110.24
5,12,2019,111.132
6,12,2019,111.662
7,12,2019,115.0
8,12,2019,115.0
9,12,2019,111.752
10,12,2019,111.573
11,12,2019,111.638
12,12,2019,112.127
13,12,2019,112.063
14,12,2019,115.0
15,12,2019,115.0
16,12,2019,113.502
17,12,2019,113.074
18,12,2019,111.371
19,12,2019,110.654
20,12,2019,110.448
21,12,2019,115.0
22,12,2019,115.0
23,12,2019,110.6
24,12,2019,109.784
25,12,2019,109.838
26,12,2019,110.079
27,12,2019,110.349
28,12,2019,115.0
29,12,2019,115.0
30,12,2019,110.928
31,12,2019,111.356
1,1,2020,112.571
2,1,2020,112.763
3,1,2020,111.523
4,1,2020,115.0
5,1,2020,115.0
6,1,2020,111.266
7,1,2020,111.751
8,1,2020,111.353
9,1,2020,111.093
10,1,2020,111.056
11,1,2020,115.0
12,1,2020,115.0
13,1,2020,110.835
14,1,2020,110.597
15,1,2020,110.448
16,1,2020,110.572
17,1,2020,110.925
18,1,2020,115.0
19,1,2020,115.0
20,1,2020,110.385
21,1,2020,110.469
22,1,2020,111.062
23,1,2020,111.479
24,1,2020,111.387
25,1,2020,115.0
26,1,2020,115.0
27,1,2020,111.285
28,1,2020,110.737
29,1,2020,110.529
30,1,2020,110.433
31,1,2020,111.254
1,2,2020,115.0
2,2,2020,115.0
3,2,2020,112.6
4,2,2020,110.19
5,2,2020,110.605
6,2,2020,110.386
7,2,2020,109.835
8,2,2020,115.0
9,2,2020,115.0
10,2,2020,109.874
11,2,2020,109.624
12,2,2020,109.89
13,2,2020,110.007
14,2,2020,110.817
15,2,2020,115.0
16,2,2020,115.0
17,2,2020,110.739
18,2,2020,110.776
19,2,2020,110.364
20,2,2020,109.758
21,2,2020,109.569
22,2,2020,115.0
23,2,2020,115.0
24,2,2020,110.029
25,2,2020,109.776
26,2,2020,110.348
27,2,2020,109.606
28,2,2020,109.436
1,3,2020,115.0
2,3,2020,109.038
3,3,2020,108.228
4,3,2020,108.758
5,3,2020,109.312
6,3,2020,110.312
7,3,2020,115.0
8,3,2020,115.0
9,3,2020,110.862
10,3,2020,111.152
11,3,2020,109.618
12,3,2020,109.052
13,3,2020,106.772
14,3,2020,115.0
15,3,2020,115.0
16,3,2020,104.644
17,3,2020,104.222
18,3,2020,102.394
19,3,2020,98.53
20,3,2020,97.44
21,3,2020,115.0
22,3,2020,115.0
23,3,2020,99.05
24,3,2020,98.058
25,3,2020,99.76
26,3,2020,100.897
27,3,2020,103.502
28,3,2020,115.0
29,3,2020,115.0
30,3,2020,105.629
31,3,2020,105.332
1,4,2020,105.46
2,4,2020,105.068
3,4,2020,105.192
4,4,2020,115.0
5,4,2020,115.0
6,4,2020,104.176
7,4,2020,103.788
8,4,2020,104.697
9,4,2020,105.058
10,4,2020,105.669
11,4,2020,115.0
12,4,2020,115.0
13,4,2020,105.719
14,4,2020,106.307
15,4,2020,107.261
16,4,2020,106.252
17,4,2020,105.747
18,4,2020,115.0
19,4,2020,115.0
20,4,2020,106.071
21,4,2020,105.59
22,4,2020,104.405
23,4,2020,104.773
24,4,2020,104.897
25,4,2020,115.0
26,4,2020,115.0
27,4,2020,105.068
28,4,2020,105.56
29,4,2020,105.451
30,4,2020,105.999
1,5,2020,107.06
2,5,2020,115.0
3,5,2020,115.0
4,5,2020,106.173
5,5,2020,105.691
6,5,2020,105.644
7,5,2020,104.982
8,5,2020,105.158
9,5,2020,115.0
10,5,2020,115.0
11,5,2020,105.382
12,5,2020,104.878
13,5,2020,104.148
14,5,2020,103.854
15,5,2020,103.813
16,5,2020,115.0
17,5,2020,115.0
18,5,2020,102.664
19,5,2020,103.599
20,5,2020,104.073
21,5,2020,103.979
22,5,2020,103.99
23,5,2020,115.0
24,5,2020,115.0
25,5,2020,103.729
26,5,2020,103.823
27,5,2020,105.179
28,5,2020,104.151
29,5,2020,104.552
30,5,2020,115.0
31,5,2020,115.0
1,6,2020,104.813
2,6,2020,106.121
3,6,2020,106.556
4,6,2020,106.771
5,6,2020,107.096
6,6,2020,115.0
7,6,2020,115.0
8,6,2020,107.718
9,6,2020,108.159
10,6,2020,108.112
11,6,2020,108.197
12,6,2020,107.035
13,6,2020,115.0
14,6,2020,115.0
15,6,2020,106.445
16,6,2020,107.071
17,6,2020,106.77
18,6,2020,106.65
19,6,2020,105.484
20,6,2020,115.0
21,6,2020,115.0
22,6,2020,104.958
23,6,2020,105.92
24,6,2020,106.274
25,6,2020,105.409
26,6,2020,105.442
27,6,2020,115.0
28,6,2020,115.0
29,6,2020,104.699
30,6,2020,104.41
1,7,2020,105.235
2,7,2020,105.868
3,7,2020,105.781
4,7,2020,115.0
5,7,2020,115.0
6,7,2020,105.904
7,7,2020,106.065
8,7,2020,106.35
9,7,2020,107.03
10,7,2020,107.037
11,7,2020,115.0
12,7,2020,115.0
13,7,2020,106.943
14,7,2020,106.408
15,7,2020,106.421
16,7,2020,106.662
17,7,2020,106.404
18,7,2020,115.0
19,7,2020,115.0
20,7,2020,106.545
21,7,2020,107.374
22,7,2020,107.933
23,7,2020,107.934
24,7,2020,108.044
25,7,2020,115.0
26,7,2020,115.0
27,7,2020,108.419
28,7,2020,109.192
29,7,2020,109.65
30,7,2020,110.206
31,7,2020,111.045
1,8,2020,115.0
2,8,2020,115.0
3,8,2020,111.063
4,8,2020,110.858
5,8,2020,110.776
6,8,2020,111.193
7,8,2020,111.52
8,8,2020,115.0
9,8,2020,115.0
10,8,2020,110.642
11,8,2020,110.94
12,8,2020,110.859
13,8,2020,110.559
14,8,2020,110.788
15,8,2020,115.0
16,8,2020,115.0
17,8,2020,111.104
18,8,2020,111.118
19,8,2020,112.224
20,8,2020,111.002
21,8,2020,112.019
22,8,2020,115.0
23,8,2020,115.0
24,8,2020,110.937
25,8,2020,110.922
26,8,2020,111.529
27,8,2020,112.008
28,8,2020,111.971
29,8,2020,115.0
30,8,2020,115.0
31,8,2020,113.179
1,9,2020,113.415
2,9,2020,113.501
3,9,2020,113.225
4,9,2020,112.698
5,9,2020,115.0
6,9,2020,115.0
7,9,2020,112.557
8,9,2020,111.688
9,9,2020,110.105
10,9,2020,110.235
11,9,2020,108.557
12,9,2020,115.0
13,9,2020,115.0
14,9,2020,108.563
15,9,2020,109.016
16,9,2020,109.389
17,9,2020,109.938
18,9,2020,110.022
19,9,2020,115.0
20,9,2020,115.0
21,9,2020,109.598
22,9,2020,108.62
23,9,2020,107.941
24,9,2020,107.912
25,9,2020,108.103
26,9,2020,115.0
27,9,2020,115.0
28,9,2020,108.092
29,9,2020,109.053
30,9,2020,109.082
1,10,2020,109.538
2,10,2020,109.307
3,10,2020,115.0
4,10,2020,115.0
5,10,2020,109.67
6,10,2020,110.04
7,10,2020,109.227
8,10,2020,109.54
9,10,2020,109.611
10,10,2020,115.0
11,10,2020,115.0
12,10,2020,110.47
13,10,2020,110.806
14,10,2020,109.728
15,10,2020,110.338
16,10,2020,109.523
17,10,2020,115.0
18,10,2020,115.0
19,10,2020,109.512
20,10,2020,109.924
21,10,2020,110.002
22,10,2020,111.555
23,10,2020,110.975
24,10,2020,115.0
25,10,2020,115.0
26,10,2020,110.641
27,10,2020,110.329
28,10,2020,110.48
29,10,2020,109.916
30,10,2020,109.735
31,10,2020,115.0
1,11,2020,115.0
2,11,2020,109.775
3,11,2020,109.329
4,11,2020,110.743
5,11,2020,109.989
6,11,2020,111.391
7,11,2020,115.0
8,11,2020,115.0
9,11,2020,111.616
10,11,2020,111.561
11,11,2020,112.464
12,11,2020,112.122
13,11,2020,111.287
14,11,2020,115.0
15,11,2020,115.0
16,11,2020,115.0
17,11,2020,115.0
18,11,2020,115.0
19,11,2020,115.0
20,11,2020,115.0
21,11,2020,115.0
22,11,2020,115.0
23,11,2020,115.0
24,11,2020,115.0
25,11,2020,115.0
26,11,2020,115.0
27,11,2020,115.0
28,11,2020,115.0
29,11,2020,115.0
30,11,2020,115.0
1,12,2020,115.0
2,12,2020,115.0
3,12,2020,115.0
4,12,2020,115.0
5,12,2020,115.0
6,12,2020,115.0
7,12,2020,115.0
8,12,2020,115.0
9,12,2020,115.0
10,12,2020,115.0
11,12,2020,115.0
12,12,2020,115.0
13,12,2020,115.0
14,12,2020,115.0
15,12,2020,115.0
16,12,2020,115.0
17,12,2020,115.0
18,12,2020,115.0
19,12,2020,115.0
20,12,2020,115.0
21,12,2020,115.0
22,12,2020,115.0
23,12,2020,115.0
24,12,2020,115.0
25,12,2020,115.0
26,12,2020,115.0
27,12,2020,115.0
28,12,2020,115.0
29,12,2020,115.0
30,12,2020,115.0
31,12,2020,115.0
